name,time,value,.lower,.upper,.width,.point,.interval
alpha_t_values,0,2.609802176223833,2.3055226391116297,2.944204596803889,0.5,median,qi
alpha_t_values,1,2.1151137594185894,1.9272762997455863,2.3307790564320503,0.5,median,qi
alpha_t_values,2,1.8368568216890075,1.6011067145365243,2.0698887035513294,0.5,median,qi
alpha_t_values,3,1.5312762160115096,1.3607867398159426,1.7174516318215625,0.5,median,qi
alpha_t_values,4,1.3729354082924918,1.2015351178958236,1.5697976772593396,0.5,median,qi
alpha_t_values,5,1.2012370287627099,1.0437305051644228,1.3654150122441995,0.5,median,qi
alpha_t_values,6,1.0378698161179387,0.9165456860872825,1.2135986097337426,0.5,median,qi
alpha_t_values,7,0.9552588646796925,0.7862411598722288,1.1267527189223816,0.5,median,qi
alpha_t_values,8,0.9691201589554255,0.8455125736466078,1.09887390512488,0.5,median,qi
alpha_t_values,9,0.9794784511625865,0.8287366194955289,1.1404731907847725,0.5,median,qi
alpha_t_values,10,0.9799867762859686,0.8198356694084515,1.1727688133006493,0.5,median,qi
alpha_t_values,11,0.9980630198022332,0.865530361835913,1.1702995913749685,0.5,median,qi
alpha_t_values,12,0.975964423274829,0.8255113168865202,1.1104911964192845,0.5,median,qi
alpha_t_values,13,1.0237681596116985,0.8500679987238109,1.2006154406352394,0.5,median,qi
alpha_t_values,14,1.1886262921442996,0.9894370181558945,1.395858759752431,0.5,median,qi
alpha_t_values,15,1.3095690280780647,1.1332517554509594,1.5166122692671062,0.5,median,qi
alpha_t_values,16,1.3564830564847539,1.139794214369357,1.5824498463800765,0.5,median,qi
alpha_t_values,17,1.203819558260909,1.0626141530287043,1.3838853312052084,0.5,median,qi
alpha_t_values,18,1.0890409771301495,0.9405777422524865,1.2626699821153526,0.5,median,qi
alpha_t_values,19,1.0819955431063,0.9152380574292742,1.260923890324081,0.5,median,qi
alpha_t_values,20,1.2545560797748343,1.072554396141852,1.4696695258606205,0.5,median,qi
alpha_t_values,21,1.6925192659944908,1.4850154487592848,1.9019635738134983,0.5,median,qi
alpha_t_values,22,1.6574264361127664,1.355455560713994,1.881811201949313,0.5,median,qi
alpha_t_values,23,2.6160657580550497,2.34553188739183,2.952732202993971,0.5,median,qi
alpha_t_values,24,3.606306568783082,3.182731071058198,4.001205326180567,0.5,median,qi
alpha_t_values,25,3.0991993429367786,2.7503712874389983,3.4280405552950617,0.5,median,qi
alpha_t_values,26,1.9872958823014475,1.7711261853446794,2.1850215089638447,0.5,median,qi
alpha_t_values,27,0.9417863249147909,0.8255456629333267,1.0521149232865057,0.5,median,qi
alpha_t_values,28,0.6076823204288384,0.5330396451466627,0.71639607541761,0.5,median,qi
alpha_t_values,29,0.4652015390260156,0.38400992969005854,0.5553037826960157,0.5,median,qi
alpha_t_values,30,0.4179204407880391,0.33735931706234645,0.5120211905339935,0.5,median,qi
alpha_t_values,31,0.45275490397039203,0.3575993875195979,0.5537993278984943,0.5,median,qi
alpha_t_values,32,0.45035022722076246,0.3462984542686073,0.5713092917425265,0.5,median,qi
alpha_t_values,33,0.4907273816835137,0.38146116556500437,0.6249816907125574,0.5,median,qi
cases_mean,0,6487.945861294365,6094.178598978187,6893.541539680882,0.5,median,qi
cases_mean,1,11732.120321842645,11219.171963435925,12321.85138776292,0.5,median,qi
cases_mean,2,16812.744282786603,15888.485327227027,17844.347596100866,0.5,median,qi
cases_mean,3,20601.032388365427,19593.1055936659,21817.508290252397,0.5,median,qi
cases_mean,4,22646.42246634139,21432.36029953688,23832.170679134935,0.5,median,qi
cases_mean,5,22657.45767887919,21507.589867408384,23952.382967841066,0.5,median,qi
cases_mean,6,20524.031554886165,19292.573400588153,21764.90775467158,0.5,median,qi
cases_mean,7,17118.158591859756,16163.814965981448,17947.638694437337,0.5,median,qi
cases_mean,8,14225.375800098293,13619.493988490856,15078.075490365336,0.5,median,qi
cases_mean,9,12357.643347395899,11751.776229637599,12920.14004089151,0.5,median,qi
cases_mean,10,10559.262018700712,9998.088839277047,11068.584294075417,0.5,median,qi
cases_mean,11,9230.785283946549,8692.501162763812,9741.16308415478,0.5,median,qi
cases_mean,12,7934.760963482682,7479.834071933879,8325.722041603196,0.5,median,qi
cases_mean,13,6940.715451376618,6579.904962728161,7332.616217421333,0.5,median,qi
cases_mean,14,6805.425759780066,6437.014481125799,7156.199317135824,0.5,median,qi
cases_mean,15,7321.078960319061,6897.057514227943,7834.291930778954,0.5,median,qi
cases_mean,16,8111.642307245458,7718.083846170639,8521.027723943658,0.5,median,qi
cases_mean,17,8307.008240859272,7856.827081701083,8700.5713460453,0.5,median,qi
cases_mean,18,7631.531304972186,7250.66991685663,8066.872062748753,0.5,median,qi
cases_mean,19,6945.784481599068,6609.484004627855,7319.38631892823,0.5,median,qi
cases_mean,20,7075.6494922715065,6675.495531518594,7448.411285663002,0.5,median,qi
cases_mean,21,9115.217438147836,8677.450398881283,9729.812865980492,0.5,median,qi
cases_mean,22,11887.086151152243,11218.418780346512,12809.178995400513,0.5,median,qi
cases_mean,23,23090.497315272176,21749.199591064193,24491.362565218726,0.5,median,qi
cases_mean,24,66484.63861186417,62457.68095492092,70737.57643235584,0.5,median,qi
cases_mean,25,174021.65523168136,164702.4887596122,184261.39894861085,0.5,median,qi
cases_mean,26,292528.18644801376,277142.78759555967,309719.87285717874,0.5,median,qi
cases_mean,27,269429.78931024915,253936.68630931168,285264.6804148762,0.5,median,qi
cases_mean,28,166087.01587364517,157431.3671694716,175572.85502424865,0.5,median,qi
cases_mean,29,88719.45552924098,84714.79419431732,93539.54932244902,0.5,median,qi
cases_mean,30,45535.657557380546,43194.02411736535,48192.59191312599,0.5,median,qi
cases_mean,31,25190.267833259735,23763.853490540412,26552.889373709335,0.5,median,qi
cases_mean,32,14262.874222508648,13621.776254698356,15096.605876616637,0.5,median,qi
cases_mean,33,8362.197961436297,7838.927901911999,8941.701722440048,0.5,median,qi
E,0,4002.0016685683822,4001.9636308979034,4002.0392244839777,0.5,median,qi
E,1,12315.69984064417,10828.286646343528,14151.176662578815,0.5,median,qi
E,2,19271.647713227612,16262.772344589124,21936.946595927224,0.5,median,qi
E,3,25320.389123413766,21995.33993595461,29599.745065587453,0.5,median,qi
E,4,29023.30819625826,25097.894212674288,33229.37509141886,0.5,median,qi
E,5,30500.674938075354,26448.83576274718,35419.67322700306,0.5,median,qi
E,6,29326.259756604384,24752.102136761496,33268.63816974139,0.5,median,qi
E,7,24798.199950781735,21808.502368083908,28438.989433676143,0.5,median,qi
E,8,19780.7179611147,17396.173419187304,22673.527962963195,0.5,median,qi
E,9,17156.786586544386,15009.791963277954,19281.53733163832,0.5,median,qi
E,10,14784.80275901903,12868.901179123142,16965.19908665969,0.5,median,qi
E,11,12529.286503198882,10841.622781299273,14945.989252422078,0.5,median,qi
E,12,11143.455202162002,9863.477502833302,12654.444911109282,0.5,median,qi
E,13,9398.577620125718,8345.707134496815,10768.4139914742,0.5,median,qi
E,14,8549.48801702977,7352.827144332764,9690.98471693941,0.5,median,qi
E,15,8822.412080988017,7644.373529278579,10386.282225195115,0.5,median,qi
E,16,9947.501436553695,8573.787253591592,11311.171264852068,0.5,median,qi
E,17,10998.390194721896,9487.360873054953,12725.303667847633,0.5,median,qi
E,18,10623.523708017674,9301.670394888673,12014.839820939418,0.5,median,qi
E,19,9442.410314949222,8034.004921019399,10980.701185615837,0.5,median,qi
E,20,8651.179356680528,7421.947023663593,9871.580581498147,0.5,median,qi
E,21,9350.50812300394,8083.6715584388,10786.155435585188,0.5,median,qi
E,22,13775.0690162814,12141.150365650887,15962.49251141347,0.5,median,qi
E,23,17534.175010758237,14718.888424503108,20606.94243473816,0.5,median,qi
E,24,43136.93331224653,36584.58774672048,49887.61289084612,0.5,median,qi
E,25,143453.50052957906,125779.3762184801,165731.580036473,0.5,median,qi
E,26,333328.70450739854,293582.38687175687,398294.6887012798,0.5,median,qi
E,27,450573.1921866669,393781.72050505586,516078.39284971857,0.5,median,qi
E,28,294239.3858760911,256214.42556652278,335694.00359293097,0.5,median,qi
E,29,162063.35345858388,141572.28505084713,188764.40653882246,0.5,median,qi
E,30,81627.06578370626,71447.94992455211,93624.07112538797,0.5,median,qi
E,31,42750.82855607754,36170.09340811116,48362.74753064662,0.5,median,qi
E,32,24212.19482977014,21034.807902984863,27865.84049147148,0.5,median,qi
E,33,13768.432206926613,11809.09589713121,15853.4946117939,0.5,median,qi
E,34,8293.304825575966,7117.616011358723,9692.837249989087,0.5,median,qi
I,0,8004.994071895238,8004.961153594807,8005.026687322621,0.5,median,qi
I,1,13025.450697064129,12096.480712448452,14187.3522320457,0.5,median,qi
I,2,22335.541430319267,20542.74255871571,24429.52059324756,0.5,median,qi
I,3,32844.81472953694,29560.25357564444,37054.837165667035,0.5,median,qi
I,4,41478.191395683534,36786.628350721134,46472.472919648935,0.5,median,qi
I,5,46730.431904250276,41820.846144757386,52428.79752588001,0.5,median,qi
I,6,48117.69685926179,42980.63303191347,54644.698424973096,0.5,median,qi
I,7,45494.012109311836,39465.95162759065,50327.1191885946,0.5,median,qi
I,8,38662.383171841895,33948.11541255618,43778.89980377066,0.5,median,qi
I,9,32931.00513472505,28613.73334819253,37950.76074724857,0.5,median,qi
I,10,28412.69210554042,24164.43992857965,32818.49303679551,0.5,median,qi
I,11,24466.321730676987,20790.99637040814,28159.299998810064,0.5,median,qi
I,12,20940.232812439266,18359.887099358257,24439.069791153714,0.5,median,qi
I,13,18123.128517337223,15856.52051879181,20888.074223710824,0.5,median,qi
I,14,15698.42058950516,14000.896796172563,18419.121254177524,0.5,median,qi
I,15,14980.955608141416,13406.887430567273,17135.859895241603,0.5,median,qi
I,16,15841.989921977849,13969.7077138181,17834.902977403966,0.5,median,qi
I,17,16901.99843754642,15406.26291730587,19375.799434630124,0.5,median,qi
I,18,17403.778025993623,15475.624728642268,20186.12892876722,0.5,median,qi
I,19,16534.285031523992,14620.120121247119,19246.082483414626,0.5,median,qi
I,20,15255.133896877447,13409.391238010381,17518.215839620105,0.5,median,qi
I,21,15404.38206189999,13496.022526083872,17328.66069874794,0.5,median,qi
I,22,19007.247741798703,16727.834537142495,21524.078775974463,0.5,median,qi
I,23,24063.652386443122,21464.8279261533,27334.039084293938,0.5,median,qi
I,24,44345.77401500372,39822.02755784114,51112.58744495977,0.5,median,qi
I,25,124648.56227337537,112029.72065572711,139892.5748941048,0.5,median,qi
I,26,318708.3378019007,290511.80460527446,363898.60045287083,0.5,median,qi
I,27,549702.5980845749,490929.4728984992,619997.3360883637,0.5,median,qi
I,28,553212.2865279726,491212.59786933626,629230.2663041707,0.5,median,qi
I,29,400524.20018049714,348552.02394830313,460941.12503384857,0.5,median,qi
I,30,246692.29051655479,207527.89283551482,291730.57776668214,0.5,median,qi
I,31,138025.13095401158,116473.73900537378,166337.11726748344,0.5,median,qi
I,32,76880.10040834537,63615.13436726807,95057.19459928587,0.5,median,qi
I,33,43867.85425078077,35849.74804327835,53633.11255198803,0.5,median,qi
I,34,25038.393708987503,21107.717159388205,31331.24357400544,0.5,median,qi
new_cases,0,16782.9963663371,15435.662956561082,18679.837386298117,0.5,median,qi
new_cases,1,30409.388424187102,27081.266566389837,34817.17783557853,0.5,median,qi
new_cases,2,43592.12744997846,39509.4440789589,48992.4302592323,0.5,median,qi
new_cases,3,54439.86848262318,47966.847257126254,60752.678470312036,0.5,median,qi
new_cases,4,59029.25799109724,52541.43032314785,67408.3137519086,0.5,median,qi
new_cases,5,59013.18080871139,52256.03157937298,66643.16510701706,0.5,median,qi
new_cases,6,52558.010659823805,47988.99766712522,59452.67016914782,0.5,median,qi
new_cases,7,43829.38764352116,40191.61567194632,50217.60007378552,0.5,median,qi
new_cases,8,36638.08248078448,33346.11625881758,42211.08072485156,0.5,median,qi
new_cases,9,31982.130071568943,28196.391395068364,36798.6475782482,0.5,median,qi
new_cases,10,27436.77560427814,24071.34263159815,31452.761543546658,0.5,median,qi
new_cases,11,23956.447906922025,21109.790024192334,27062.976205841274,0.5,median,qi
new_cases,12,20580.771956002223,18504.167621369023,23108.807052284566,0.5,median,qi
new_cases,13,17948.055458319053,15929.870475760514,20938.268698904867,0.5,median,qi
new_cases,14,17733.37621680423,15599.56454686829,19925.135393888282,0.5,median,qi
new_cases,15,19267.305648273556,16961.43846676014,21806.231258778455,0.5,median,qi
new_cases,16,21109.88043098827,19005.077608460615,23850.274255507335,0.5,median,qi
new_cases,17,21485.270682955044,19016.47320188477,24447.174676494382,0.5,median,qi
new_cases,18,19607.467669477628,17591.687470992096,22754.65479669202,0.5,median,qi
new_cases,19,18114.745382080553,16120.708959551877,20331.534827667812,0.5,median,qi
new_cases,20,18538.228307051468,16232.875555545148,21074.855714540812,0.5,median,qi
new_cases,21,23911.572106821637,21153.667769546475,27133.518009788648,0.5,median,qi
new_cases,22,30860.343844043673,27188.64446334628,35872.22884493155,0.5,median,qi
new_cases,23,60222.34370948491,53067.32470880222,68800.63888672189,0.5,median,qi
new_cases,24,173712.13734411506,153682.6679585397,194936.35557145413,0.5,median,qi
new_cases,25,451053.5458161089,403600.0168985532,515019.45380531077,0.5,median,qi
new_cases,26,758744.8581694164,675349.663653145,864288.5109838506,0.5,median,qi
new_cases,27,702271.7777035683,628149.5872704447,790556.8151227735,0.5,median,qi
new_cases,28,436049.87599884253,380099.5698947895,488375.10595607385,0.5,median,qi
new_cases,29,232267.92124459962,204187.0560707472,262927.3530376069,0.5,median,qi
new_cases,30,119111.08166112937,106501.22991802776,135441.68724796094,0.5,median,qi
new_cases,31,65194.03940023435,58332.601812856155,73545.20145784039,0.5,median,qi
new_cases,32,37301.47908384469,33176.93472301122,42070.427122379886,0.5,median,qi
new_cases,33,22092.500369809568,19571.651507955277,25020.907162406016,0.5,median,qi
R,0,1,1,1,0.5,median,qi
R,1,11788.687895408264,10635.53624041834,12987.126628752903,0.5,median,qi
R,2,32961.59806126304,29500.444355610183,37256.742926070634,0.5,median,qi
R,3,66471.09719716095,59018.63673417045,75394.59354147162,0.5,median,qi
R,4,110031.36568317097,98264.26149509886,126221.97347600255,0.5,median,qi
R,5,164220.59711599955,147402.9819667348,186702.62896018472,0.5,median,qi
R,6,221936.91002327763,199557.83433731497,251610.04223720322,0.5,median,qi
R,7,280050.8851999665,250778.83707410388,315275.53114919766,0.5,median,qi
R,8,331447.37753564725,296070.2493470262,369984.663245856,0.5,median,qi
R,9,375239.66817579686,336074.67701856996,419893.14233562024,0.5,median,qi
R,10,411177.59791431914,369900.7619237044,460022.52989794564,0.5,median,qi
R,11,441608.8244370484,398673.2767002754,494443.4100261394,0.5,median,qi
R,12,468171.2380395106,424097.7955072766,524882.5139871503,0.5,median,qi
R,13,491252.1401518959,444617.07067119115,552057.0902804446,0.5,median,qi
R,14,512530.28846927057,463712.5876979384,575015.7542063388,0.5,median,qi
R,15,530073.5028449384,481208.456673153,595492.6379847906,0.5,median,qi
R,16,547876.935938834,498538.6054286917,615712.037653988,0.5,median,qi
R,17,568004.7211736254,516469.1339261851,638445.8707387288,0.5,median,qi
R,18,588808.7433626611,535976.5589528116,661831.5144634808,0.5,median,qi
R,19,608522.6313147494,554725.7949014355,684146.8735022788,0.5,median,qi
R,20,626301.9796640922,571207.8370310224,705047.967994709,0.5,median,qi
R,21,644685.4253817019,587535.5743891404,726198.0741336253,0.5,median,qi
R,22,664993.8884678846,606749.1911656695,748522.9841607813,0.5,median,qi
R,23,691114.3175376214,630875.567361594,776740.6178229663,0.5,median,qi
R,24,730007.0012663584,667550.4624407225,822722.3152907895,0.5,median,qi
R,25,823557.2665565202,748594.8310271488,926360.3085456275,0.5,median,qi
R,26,1077353.1458749103,965666.2095221892,1226887.3342237512,0.5,median,qi
R,27,1606632.2871612904,1438104.0803177813,1843337.5518624699,0.5,median,qi
R,28,2296368.500374117,2052161.7966458232,2618780.5413382193,0.5,median,qi
R,29,2882718.3997896104,2574305.50079255,3249331.9274558937,0.5,median,qi
R,30,3264656.107431499,2929591.6746868133,3694241.266999345,0.5,median,qi
R,31,3493196.1152938213,3151386.270931147,3940503.349250215,0.5,median,qi
R,32,3627586.547422906,3279486.8493063427,4106066.349707229,0.5,median,qi
R,33,3704837.782169992,3348133.154934466,4192261.263425647,0.5,median,qi
R,34,3752544.172216747,3388145.26565792,4236110.124029601,0.5,median,qi
rt_t_values,0,2.1568374180211913,2.0470922230623136,2.2589687982360473,0.5,median,qi
rt_t_values,1,1.7414444067844754,1.5885107577698387,1.909587612062197,0.5,median,qi
rt_t_values,2,1.5056942694968272,1.3810844828906594,1.654050930810267,0.5,median,qi
rt_t_values,3,1.264482930281941,1.1591522606033606,1.3707267224603874,0.5,median,qi
rt_t_values,4,1.1388849619375971,1.0317392020230152,1.2305749738441598,0.5,median,qi
rt_t_values,5,0.992725939566834,0.9218236344111653,1.075182767778319,0.5,median,qi
rt_t_values,6,0.8630916053080575,0.7770042375673305,0.9560005876538843,0.5,median,qi
rt_t_values,7,0.7803532636198048,0.7100123286741152,0.8521448554305852,0.5,median,qi
rt_t_values,8,0.8069057984500191,0.7354410468096864,0.8660154803284889,0.5,median,qi
rt_t_values,9,0.8048321217835404,0.7288222259002819,0.8777609329892038,0.5,median,qi
rt_t_values,10,0.7968267992733746,0.7329537521748688,0.8778783148150862,0.5,median,qi
rt_t_values,11,0.8308078064023392,0.7531567279937604,0.9053670770542687,0.5,median,qi
rt_t_values,12,0.8012230496019617,0.7246455576262281,0.8690575757807071,0.5,median,qi
rt_t_values,13,0.847018256565875,0.7726982686815241,0.9175502059117603,0.5,median,qi
rt_t_values,14,0.9671888092902963,0.8923823201278516,1.0604734581633564,0.5,median,qi
rt_t_values,15,1.0956243923111333,0.9996788081291041,1.1901147174713462,0.5,median,qi
rt_t_values,16,1.122842855904642,1.016735214961755,1.2281402311555958,0.5,median,qi
rt_t_values,17,0.9896250634935035,0.9163879597909872,1.0801370565118718,0.5,median,qi
rt_t_values,18,0.8998740498869557,0.8286534634787732,0.9820393960589748,0.5,median,qi
rt_t_values,19,0.8915850700739475,0.8167032411962185,0.9703720659456954,0.5,median,qi
rt_t_values,20,1.0357588762920362,0.9483952235018387,1.140761551333491,0.5,median,qi
rt_t_values,21,1.4014435653528778,1.3006019932260642,1.5102431241515286,0.5,median,qi
rt_t_values,22,1.3355228292959558,1.2227762386195413,1.450126345829234,0.5,median,qi
rt_t_values,23,2.1934578021695814,1.9944018600448967,2.380782809518844,0.5,median,qi
rt_t_values,24,2.951597419676994,2.707040816927884,3.17688484304683,0.5,median,qi
rt_t_values,25,2.5263585024562287,2.3304131843456437,2.766516818238031,0.5,median,qi
rt_t_values,26,1.6322986311058385,1.480456239606682,1.8028871317322286,0.5,median,qi
rt_t_values,27,0.778156840112705,0.7117823153396301,0.8539417782032706,0.5,median,qi
rt_t_values,28,0.5181293509805107,0.4644175906612143,0.5815722479744837,0.5,median,qi
rt_t_values,29,0.38958714492500374,0.3511070057731991,0.4266153987218102,0.5,median,qi
rt_t_values,30,0.3447852575400064,0.3093351571824281,0.3976178862555616,0.5,median,qi
rt_t_values,31,0.36717111086088233,0.31878245442546416,0.43147912082999273,0.5,median,qi
rt_t_values,32,0.3675048916451046,0.3201033070690122,0.4307861646231859,0.5,median,qi
rt_t_values,33,0.4031063422184613,0.337954879776041,0.472006801751787,0.5,median,qi
alpha_t_values,0,2.609802176223833,2.101217892741234,3.2157437465671825,0.8,median,qi
alpha_t_values,1,2.1151137594185894,1.6860891527459265,2.629064008072235,0.8,median,qi
alpha_t_values,2,1.8368568216890075,1.4380382996292316,2.29109571906216,0.8,median,qi
alpha_t_values,3,1.5312762160115096,1.2066605607737535,1.8785485063628846,0.8,median,qi
alpha_t_values,4,1.3729354082924918,1.0829777722719136,1.7248162607313395,0.8,median,qi
alpha_t_values,5,1.2012370287627099,0.9016100722152791,1.584473849064553,0.8,median,qi
alpha_t_values,6,1.0378698161179387,0.8228214365165811,1.3334253522062756,0.8,median,qi
alpha_t_values,7,0.9552588646796925,0.6883362021817674,1.2537066070883744,0.8,median,qi
alpha_t_values,8,0.9691201589554255,0.7201070745013873,1.248783591923273,0.8,median,qi
alpha_t_values,9,0.9794784511625865,0.7004929848612851,1.2819875224170596,0.8,median,qi
alpha_t_values,10,0.9799867762859686,0.6933489843237063,1.316502337081379,0.8,median,qi
alpha_t_values,11,0.9980630198022332,0.7245865537919485,1.3220806712705169,0.8,median,qi
alpha_t_values,12,0.975964423274829,0.7275835056256956,1.2951630983492568,0.8,median,qi
alpha_t_values,13,1.0237681596116985,0.7617186163431303,1.3735125219988311,0.8,median,qi
alpha_t_values,14,1.1886262921442996,0.8776164403150283,1.559162227503649,0.8,median,qi
alpha_t_values,15,1.3095690280780647,1.0146099762364642,1.7264995366302698,0.8,median,qi
alpha_t_values,16,1.3564830564847539,0.9843994352464263,1.7745788997020613,0.8,median,qi
alpha_t_values,17,1.203819558260909,0.9368528187990726,1.5491623754251227,0.8,median,qi
alpha_t_values,18,1.0890409771301495,0.8096744125177686,1.4468100776233639,0.8,median,qi
alpha_t_values,19,1.0819955431063,0.8113681774487016,1.4318624713985024,0.8,median,qi
alpha_t_values,20,1.2545560797748343,0.9230845276588775,1.6841052924689142,0.8,median,qi
alpha_t_values,21,1.6925192659944908,1.3036532761294073,2.1091739838876498,0.8,median,qi
alpha_t_values,22,1.6574264361127664,1.1949229851112035,2.1428520595135407,0.8,median,qi
alpha_t_values,23,2.6160657580550497,2.126320424146099,3.297735162244289,0.8,median,qi
alpha_t_values,24,3.606306568783082,2.8037890584081526,4.404539043538037,0.8,median,qi
alpha_t_values,25,3.0991993429367786,2.5035607261319797,3.8458539286726654,0.8,median,qi
alpha_t_values,26,1.9872958823014475,1.5867842098569036,2.482998100779305,0.8,median,qi
alpha_t_values,27,0.9417863249147909,0.7323719926924611,1.2082122594111386,0.8,median,qi
alpha_t_values,28,0.6076823204288384,0.4693314878929483,0.8335866920623746,0.8,median,qi
alpha_t_values,29,0.4652015390260156,0.3281251138479511,0.6658715714489871,0.8,median,qi
alpha_t_values,30,0.4179204407880391,0.2823468177044855,0.6431905891719857,0.8,median,qi
alpha_t_values,31,0.45275490397039203,0.295443009002306,0.6762576867116943,0.8,median,qi
alpha_t_values,32,0.45035022722076246,0.28898561062600203,0.6889442595954541,0.8,median,qi
alpha_t_values,33,0.4907273816835137,0.27956542229115444,0.732873778034687,0.8,median,qi
cases_mean,0,6487.945861294365,5738.3038364031345,7287.734405170287,0.8,median,qi
cases_mean,1,11732.120321842645,10731.229639716734,13040.86279989182,0.8,median,qi
cases_mean,2,16812.744282786603,15251.683885254974,18712.274902575336,0.8,median,qi
cases_mean,3,20601.032388365427,18496.868152249717,23012.858540426336,0.8,median,qi
cases_mean,4,22646.42246634139,20537.33131296527,25219.093893938254,0.8,median,qi
cases_mean,5,22657.45767887919,20469.85880250351,25152.01843735746,0.8,median,qi
cases_mean,6,20524.031554886165,18547.705893246923,22560.343484980433,0.8,median,qi
cases_mean,7,17118.158591859756,15372.53264659693,18889.46482880284,0.8,median,qi
cases_mean,8,14225.375800098293,13041.93046042706,15874.695783978394,0.8,median,qi
cases_mean,9,12357.643347395899,11131.301835138564,13513.306534871383,0.8,median,qi
cases_mean,10,10559.262018700712,9411.500275136552,11546.163126117446,0.8,median,qi
cases_mean,11,9230.785283946549,8243.16627154282,10194.688522496808,0.8,median,qi
cases_mean,12,7934.760963482682,7121.803068023908,8805.179839892573,0.8,median,qi
cases_mean,13,6940.715451376618,6232.3902482308085,7707.24512255907,0.8,median,qi
cases_mean,14,6805.425759780066,6141.08158889066,7535.031563420598,0.8,median,qi
cases_mean,15,7321.078960319061,6576.335944115048,8224.370057740733,0.8,median,qi
cases_mean,16,8111.642307245458,7311.334134238005,8989.88822035027,0.8,median,qi
cases_mean,17,8307.008240859272,7448.604064894848,9050.86310063097,0.8,median,qi
cases_mean,18,7631.531304972186,6932.919867923566,8393.428930964898,0.8,median,qi
cases_mean,19,6945.784481599068,6274.139650387907,7708.870312984829,0.8,median,qi
cases_mean,20,7075.6494922715065,6245.683402885648,7944.481348795713,0.8,median,qi
cases_mean,21,9115.217438147836,8237.365773740774,10210.319714774716,0.8,median,qi
cases_mean,22,11887.086151152243,10823.614027500653,13469.392367032999,0.8,median,qi
cases_mean,23,23090.497315272176,20391.17218766646,25923.15007499402,0.8,median,qi
cases_mean,24,66484.63861186417,59356.08330086492,74506.49450266041,0.8,median,qi
cases_mean,25,174021.65523168136,155668.64792160096,195157.1276834379,0.8,median,qi
cases_mean,26,292528.18644801376,264651.77576970955,324505.53696956777,0.8,median,qi
cases_mean,27,269429.78931024915,242230.64837144033,301247.7216842882,0.8,median,qi
cases_mean,28,166087.01587364517,150488.0465636426,184299.02284828832,0.8,median,qi
cases_mean,29,88719.45552924098,80630.96164391965,97819.58451544726,0.8,median,qi
cases_mean,30,45535.657557380546,41684.71920410977,50679.83847800248,0.8,median,qi
cases_mean,31,25190.267833259735,22725.654229677442,27809.86489285429,0.8,median,qi
cases_mean,32,14262.874222508648,13024.585624206326,15853.002428754671,0.8,median,qi
cases_mean,33,8362.197961436297,7431.268273560381,9546.425215936879,0.8,median,qi
E,0,4002.0016685683822,4001.9345306545592,4002.0684043563833,0.8,median,qi
E,1,12315.69984064417,9673.864824582019,16123.297412926604,0.8,median,qi
E,2,19271.647713227612,14457.69853147403,25447.50267457887,0.8,median,qi
E,3,25320.389123413766,19238.87801896959,33226.88685682852,0.8,median,qi
E,4,29023.30819625826,22219.96815655642,36700.681040730684,0.8,median,qi
E,5,30500.674938075354,23479.83754496968,39633.8472377154,0.8,median,qi
E,6,29326.259756604384,21751.837368661738,38612.33700675545,0.8,median,qi
E,7,24798.199950781735,18955.284406659015,32464.77473384803,0.8,median,qi
E,8,19780.7179611147,15669.73109749313,25709.03348607702,0.8,median,qi
E,9,17156.786586544386,13392.410789043228,22128.73788282254,0.8,median,qi
E,10,14784.80275901903,11290.115849477303,19041.930877926978,0.8,median,qi
E,11,12529.286503198882,9201.562449600313,16671.282346469612,0.8,median,qi
E,12,11143.455202162002,8367.249345034821,14399.818920799293,0.8,median,qi
E,13,9398.577620125718,7418.801753831272,12060.980395989336,0.8,median,qi
E,14,8549.48801702977,6516.208005566156,10847.579011181866,0.8,median,qi
E,15,8822.412080988017,6680.029880096947,11714.405386754024,0.8,median,qi
E,16,9947.501436553695,7713.745020912735,13340.62379277562,0.8,median,qi
E,17,10998.390194721896,8590.715380746133,14232.641802365313,0.8,median,qi
E,18,10623.523708017674,8340.369360665949,13365.207205948833,0.8,median,qi
E,19,9442.410314949222,7230.905209393765,12333.609966358596,0.8,median,qi
E,20,8651.179356680528,6750.146081893791,11186.00084432205,0.8,median,qi
E,21,9350.50812300394,7119.979348611949,12510.104965398963,0.8,median,qi
E,22,13775.0690162814,10745.615464236062,17715.655080079312,0.8,median,qi
E,23,17534.175010758237,12826.736954193624,23539.15950895284,0.8,median,qi
E,24,43136.93331224653,32798.95853138333,57117.76402095914,0.8,median,qi
E,25,143453.50052957906,107055.98777739618,185952.5011390327,0.8,median,qi
E,26,333328.70450739854,262238.63460331835,467933.4884518722,0.8,median,qi
E,27,450573.1921866669,350270.9190492657,578683.6779837324,0.8,median,qi
E,28,294239.3858760911,228934.70784845095,368760.20957873657,0.8,median,qi
E,29,162063.35345858388,127585.20108766358,211158.30264119068,0.8,median,qi
E,30,81627.06578370626,63167.4646680855,107783.23465695522,0.8,median,qi
E,31,42750.82855607754,31660.30695053947,54872.55088114378,0.8,median,qi
E,32,24212.19482977014,18716.93052959807,31987.49620526015,0.8,median,qi
E,33,13768.432206926613,10451.119141527917,18081.5190296362,0.8,median,qi
E,34,8293.304825575966,6199.413137216907,11113.141039994469,0.8,median,qi
I,0,8004.994071895238,8004.917718986299,8005.0466655401415,0.8,median,qi
I,1,13025.450697064129,11408.204253334687,15795.642468622878,0.8,median,qi
I,2,22335.541430319267,18757.319638177985,28347.485185445214,0.8,median,qi
I,3,32844.81472953694,26945.980956397845,42402.45834390766,0.8,median,qi
I,4,41478.191395683534,33333.47751034074,54002.52817955744,0.8,median,qi
I,5,46730.431904250276,37052.346636404895,61192.927000464304,0.8,median,qi
I,6,48117.69685926179,38932.12396046119,62261.86321743143,0.8,median,qi
I,7,45494.012109311836,35500.42444755883,57943.750303853514,0.8,median,qi
I,8,38662.383171841895,30633.472171395628,50422.42715565637,0.8,median,qi
I,9,32931.00513472505,25580.2608535517,44617.41273213963,0.8,median,qi
I,10,28412.69210554042,21482.05927488398,38424.35619606209,0.8,median,qi
I,11,24466.321730676987,18680.703227750382,31565.058018967266,0.8,median,qi
I,12,20940.232812439266,16374.398396081799,28370.140421781976,0.8,median,qi
I,13,18123.128517337223,13891.125618269356,24257.603074900457,0.8,median,qi
I,14,15698.42058950516,12013.35833451786,21140.064622162594,0.8,median,qi
I,15,14980.955608141416,11649.872643642786,20015.407019421127,0.8,median,qi
I,16,15841.989921977849,12473.318578841938,20729.222043258655,0.8,median,qi
I,17,16901.99843754642,13589.163080873559,22806.849602931758,0.8,median,qi
I,18,17403.778025993623,13707.426025104678,23330.18914650234,0.8,median,qi
I,19,16534.285031523992,12976.153480249268,22400.8365740217,0.8,median,qi
I,20,15255.133896877447,12076.358560332888,20896.706089648633,0.8,median,qi
I,21,15404.38206189999,12413.186546488678,20111.322328757164,0.8,median,qi
I,22,19007.247741798703,14886.190023394323,24475.520266989322,0.8,median,qi
I,23,24063.652386443122,19482.30225817048,31517.08425511268,0.8,median,qi
I,24,44345.77401500372,36120.091445091544,58804.673477190416,0.8,median,qi
I,25,124648.56227337537,101761.73475142497,159943.824501664,0.8,median,qi
I,26,318708.3378019007,264947.0572450555,418335.0263816328,0.8,median,qi
I,27,549702.5980845749,451188.74530511,703377.6229848522,0.8,median,qi
I,28,553212.2865279726,445733.9523493378,734950.3835466931,0.8,median,qi
I,29,400524.20018049714,307417.47903951973,553429.4128727636,0.8,median,qi
I,30,246692.29051655479,177485.19572013908,350084.77541514556,0.8,median,qi
I,31,138025.13095401158,98952.80421931003,203996.3783875707,0.8,median,qi
I,32,76880.10040834537,55219.05113401651,118512.73987011032,0.8,median,qi
I,33,43867.85425078077,30866.421143713524,67885.81730240588,0.8,median,qi
I,34,25038.393708987503,17700.219315763366,39962.98738670267,0.8,median,qi
new_cases,0,16782.9963663371,14203.681207946442,20870.912685470306,0.8,median,qi
new_cases,1,30409.388424187102,25208.050684385387,39589.23056305205,0.8,median,qi
new_cases,2,43592.12744997846,35741.19344883313,56024.70767595593,0.8,median,qi
new_cases,3,54439.86848262318,42925.26204035955,68833.98423350583,0.8,median,qi
new_cases,4,59029.25799109724,47213.16154105288,77519.96173009381,0.8,median,qi
new_cases,5,59013.18080871139,47600.57811315254,77394.90477412553,0.8,median,qi
new_cases,6,52558.010659823805,44171.39959589238,68856.0634774969,0.8,median,qi
new_cases,7,43829.38764352116,36415.08904121055,56809.62755392592,0.8,median,qi
new_cases,8,36638.08248078448,30431.55688214377,48779.53426919389,0.8,median,qi
new_cases,9,31982.130071568943,25336.627336372294,41730.1152294097,0.8,median,qi
new_cases,10,27436.77560427814,22182.526906782696,35214.934717976095,0.8,median,qi
new_cases,11,23956.447906922025,19449.329674662305,31023.682759340503,0.8,median,qi
new_cases,12,20580.771956002223,16611.558254556392,26697.074555985244,0.8,median,qi
new_cases,13,17948.055458319053,14557.078793859586,23147.18433492136,0.8,median,qi
new_cases,14,17733.37621680423,14143.970884352679,22792.044667246042,0.8,median,qi
new_cases,15,19267.305648273556,15228.019596331054,25034.430688154614,0.8,median,qi
new_cases,16,21109.88043098827,16943.563086083486,27019.264759881957,0.8,median,qi
new_cases,17,21485.270682955044,17056.27162943252,28315.322849591215,0.8,median,qi
new_cases,18,19607.467669477628,15727.54306509921,26074.052021564974,0.8,median,qi
new_cases,19,18114.745382080553,14512.24741049072,23494.820161808297,0.8,median,qi
new_cases,20,18538.228307051468,14546.004939496033,23949.554386222506,0.8,median,qi
new_cases,21,23911.572106821637,19099.013823042784,30795.671181939568,0.8,median,qi
new_cases,22,30860.343844043673,24994.92400983957,40329.31837422569,0.8,median,qi
new_cases,23,60222.34370948491,47384.78798243782,78940.024930963,0.8,median,qi
new_cases,24,173712.13734411506,141964.77764618743,226033.4536312528,0.8,median,qi
new_cases,25,451053.5458161089,365610.5155193233,596106.2476568205,0.8,median,qi
new_cases,26,758744.8581694164,623233.5695858783,975320.2043709407,0.8,median,qi
new_cases,27,702271.7777035683,580565.9134991465,891888.2582520912,0.8,median,qi
new_cases,28,436049.87599884253,345325.839429843,565500.1675085962,0.8,median,qi
new_cases,29,232267.92124459962,185746.7662299198,301334.6196915805,0.8,median,qi
new_cases,30,119111.08166112937,97717.45010116356,148164.76501013845,0.8,median,qi
new_cases,31,65194.03940023435,52086.60753027759,86275.07001447109,0.8,median,qi
new_cases,32,37301.47908384469,30020.12162022092,49641.4814145565,0.8,median,qi
new_cases,33,22092.500369809568,17390.085240899585,27690.66252615722,0.8,median,qi
R,0,1,1,1,0.8,median,qi
R,1,11788.687895408264,9869.035977155096,14597.2917458922,0.8,median,qi
R,2,32961.59806126304,27159.14893076588,42317.68098204666,0.8,median,qi
R,3,66471.09719716095,53901.14902251365,85968.47069606627,0.8,median,qi
R,4,110031.36568317097,91832.1259358083,143260.30542298942,0.8,median,qi
R,5,164220.59711599955,134296.75779970957,209796.30604712406,0.8,median,qi
R,6,221936.91002327763,180811.13578644354,283773.9356835283,0.8,median,qi
R,7,280050.8851999665,227440.26391758068,358723.51528865326,0.8,median,qi
R,8,331447.37753564725,271083.85567641264,420440.90569584124,0.8,median,qi
R,9,375239.66817579686,306643.5084142144,477757.65825199697,0.8,median,qi
R,10,411177.59791431914,337059.6200438711,522315.42431411875,0.8,median,qi
R,11,441608.8244370484,363862.31910599425,560041.8023858867,0.8,median,qi
R,12,468171.2380395106,386743.5813016311,592710.529071836,0.8,median,qi
R,13,491252.1401518959,406869.651358874,620747.9167097168,0.8,median,qi
R,14,512530.28846927057,423865.5984834698,645084.5958827181,0.8,median,qi
R,15,530073.5028449384,439686.1072024238,667948.0475620583,0.8,median,qi
R,16,547876.935938834,456095.3449968845,691244.5979041739,0.8,median,qi
R,17,568004.7211736254,471067.07119937113,717184.942811774,0.8,median,qi
R,18,588808.7433626611,487847.64725262206,744374.87905401,0.8,median,qi
R,19,608522.6313147494,504272.08079966524,771782.5352869241,0.8,median,qi
R,20,626301.9796640922,520794.9637061426,796602.3666911256,0.8,median,qi
R,21,644685.4253817019,536043.7735850646,819795.1925525053,0.8,median,qi
R,22,664993.8884678846,553290.0973957707,845778.3953992518,0.8,median,qi
R,23,691114.3175376214,573510.4063769676,880180.0160745018,0.8,median,qi
R,24,730007.0012663584,604827.5467971293,929129.0191589119,0.8,median,qi
R,25,823557.2665565202,681094.2799814658,1045536.6286162211,0.8,median,qi
R,26,1077353.1458749103,883227.137342301,1375749.9276546813,0.8,median,qi
R,27,1606632.2871612904,1301948.409779443,2081354.9061665381,0.8,median,qi
R,28,2296368.500374117,1868149.296104783,2961419.1364358426,0.8,median,qi
R,29,2882718.3997896104,2342535.7135050553,3689571.2128202324,0.8,median,qi
R,30,3264656.107431499,2670265.3623553226,4199953.129508017,0.8,median,qi
R,31,3493196.1152938213,2872675.446788563,4450976.562005964,0.8,median,qi
R,32,3627586.547422906,2980959.4726120555,4625481.511555361,0.8,median,qi
R,33,3704837.782169992,3040784.303844896,4728607.61754971,0.8,median,qi
R,34,3752544.172216747,3084578.9604597646,4784039.783671323,0.8,median,qi
rt_t_values,0,2.1568374180211913,1.9601497894399444,2.3689918037907383,0.8,median,qi
rt_t_values,1,1.7414444067844754,1.4719369612733826,2.1214957432453523,0.8,median,qi
rt_t_values,2,1.5056942694968272,1.2725176215897254,1.7978998699431274,0.8,median,qi
rt_t_values,3,1.264482930281941,1.0713582101261476,1.4670243550805837,0.8,median,qi
rt_t_values,4,1.1388849619375971,0.9605756729055439,1.3293458731390524,0.8,median,qi
rt_t_values,5,0.992725939566834,0.8560921952056998,1.1545122473465335,0.8,median,qi
rt_t_values,6,0.8630916053080575,0.7193976293908664,1.0378547994531782,0.8,median,qi
rt_t_values,7,0.7803532636198048,0.6373270126003552,0.9290612917097026,0.8,median,qi
rt_t_values,8,0.8069057984500191,0.6772260001888785,0.9081346144722611,0.8,median,qi
rt_t_values,9,0.8048321217835404,0.6575396286437676,0.9442115747516647,0.8,median,qi
rt_t_values,10,0.7968267992733746,0.6682911416714249,0.9695534712473742,0.8,median,qi
rt_t_values,11,0.8308078064023392,0.6724393784895312,0.9736439153253094,0.8,median,qi
rt_t_values,12,0.8012230496019617,0.6616070908607066,0.9368115694208903,0.8,median,qi
rt_t_values,13,0.847018256565875,0.692740279876621,0.9759774294493336,0.8,median,qi
rt_t_values,14,0.9671888092902963,0.8343242385622275,1.1441906794204582,0.8,median,qi
rt_t_values,15,1.0956243923111333,0.9365619754290325,1.2731816496746233,0.8,median,qi
rt_t_values,16,1.122842855904642,0.9290207040213423,1.3104802247513652,0.8,median,qi
rt_t_values,17,0.9896250634935035,0.8441920908547874,1.1765708687264091,0.8,median,qi
rt_t_values,18,0.8998740498869557,0.764412666966868,1.0498652220604772,0.8,median,qi
rt_t_values,19,0.8915850700739475,0.7488419910434222,1.0466587268435175,0.8,median,qi
rt_t_values,20,1.0357588762920362,0.8835602261418215,1.2065332123809407,0.8,median,qi
rt_t_values,21,1.4014435653528778,1.1888083206206297,1.5860950508078877,0.8,median,qi
rt_t_values,22,1.3355228292959558,1.132022236090457,1.5745088978026882,0.8,median,qi
rt_t_values,23,2.1934578021695814,1.8304750851922589,2.554283157900449,0.8,median,qi
rt_t_values,24,2.951597419676994,2.4932353823331317,3.4675168975613895,0.8,median,qi
rt_t_values,25,2.5263585024562287,2.176886582230971,3.077110655693619,0.8,median,qi
rt_t_values,26,1.6322986311058385,1.3431409401504981,1.9497486674184388,0.8,median,qi
rt_t_values,27,0.778156840112705,0.6418627152156154,0.9389211986261594,0.8,median,qi
rt_t_values,28,0.5181293509805107,0.4120808053255922,0.6354160330504665,0.8,median,qi
rt_t_values,29,0.38958714492500374,0.30878919675546684,0.4676117375951452,0.8,median,qi
rt_t_values,30,0.3447852575400064,0.27179832381184227,0.43775347194598646,0.8,median,qi
rt_t_values,31,0.36717111086088233,0.28228073601052406,0.4765031387575007,0.8,median,qi
rt_t_values,32,0.3675048916451046,0.28392543450273566,0.47891868478324523,0.8,median,qi
rt_t_values,33,0.4031063422184613,0.2712378179806659,0.5320476231970004,0.8,median,qi
alpha_t_values,0,2.609802176223833,1.954535390613663,3.7814362967791237,0.95,median,qi
alpha_t_values,1,2.1151137594185894,1.5213532747032859,2.974963055502813,0.95,median,qi
alpha_t_values,2,1.8368568216890075,1.2751911552263684,2.5481928182311906,0.95,median,qi
alpha_t_values,3,1.5312762160115096,1.0753499222550889,2.1602941342517075,0.95,median,qi
alpha_t_values,4,1.3729354082924918,0.9103927990181432,1.9391732650119047,0.95,median,qi
alpha_t_values,5,1.2012370287627099,0.8066576197801176,1.9706217752424338,0.95,median,qi
alpha_t_values,6,1.0378698161179387,0.7333607524345733,1.4796883880441083,0.95,median,qi
alpha_t_values,7,0.9552588646796925,0.5715885453840234,1.5269400873259542,0.95,median,qi
alpha_t_values,8,0.9691201589554255,0.6433314153334578,1.4039043895814776,0.95,median,qi
alpha_t_values,9,0.9794784511625865,0.6010703622080448,1.4764610706008108,0.95,median,qi
alpha_t_values,10,0.9799867762859686,0.5879301173094411,1.5586295310131757,0.95,median,qi
alpha_t_values,11,0.9980630198022332,0.563064295420877,1.5063139336512714,0.95,median,qi
alpha_t_values,12,0.975964423274829,0.6061082861218339,1.4650610335543983,0.95,median,qi
alpha_t_values,13,1.0237681596116985,0.6457670541154682,1.5521139689595793,0.95,median,qi
alpha_t_values,14,1.1886262921442996,0.7167293661940456,1.7926390160888581,0.95,median,qi
alpha_t_values,15,1.3095690280780647,0.9099845589890538,2.0582943963519535,0.95,median,qi
alpha_t_values,16,1.3564830564847539,0.8695472607224447,2.0266136233203538,0.95,median,qi
alpha_t_values,17,1.203819558260909,0.8144020630097357,1.7969722692019017,0.95,median,qi
alpha_t_values,18,1.0890409771301495,0.7171237052912646,1.576743924019722,0.95,median,qi
alpha_t_values,19,1.0819955431063,0.7003031898616192,1.6396459177221865,0.95,median,qi
alpha_t_values,20,1.2545560797748343,0.7675122541021824,2.1462712087505587,0.95,median,qi
alpha_t_values,21,1.6925192659944908,1.190860635077344,2.3279222703867224,0.95,median,qi
alpha_t_values,22,1.6574264361127664,1.0365312045670299,2.4737004296897225,0.95,median,qi
alpha_t_values,23,2.6160657580550497,1.9648496945987233,3.8283099462695365,0.95,median,qi
alpha_t_values,24,3.606306568783082,2.4604357063013977,4.8429313052783884,0.95,median,qi
alpha_t_values,25,3.0991993429367786,2.337127194607555,4.40510673782545,0.95,median,qi
alpha_t_values,26,1.9872958823014475,1.402942059693485,2.6804979026599534,0.95,median,qi
alpha_t_values,27,0.9417863249147909,0.649679285954494,1.3781173245189633,0.95,median,qi
alpha_t_values,28,0.6076823204288384,0.41487163335694754,1.0568706594438768,0.95,median,qi
alpha_t_values,29,0.4652015390260156,0.28120756187164125,0.7484359218872341,0.95,median,qi
alpha_t_values,30,0.4179204407880391,0.23289687391025077,0.7721222036755171,0.95,median,qi
alpha_t_values,31,0.45275490397039203,0.23867208474440124,0.830483317085214,0.95,median,qi
alpha_t_values,32,0.45035022722076246,0.2448146959771725,0.8140176280853499,0.95,median,qi
alpha_t_values,33,0.4907273816835137,0.21861837349241653,0.9715402018510129,0.95,median,qi
cases_mean,0,6487.945861294365,5453.277033386951,7759.659744183367,0.95,median,qi
cases_mean,1,11732.120321842645,10138.214588352603,13755.985749848262,0.95,median,qi
cases_mean,2,16812.744282786603,14360.371719041796,19556.873693847334,0.95,median,qi
cases_mean,3,20601.032388365427,17743.203244220134,24691.453004902192,0.95,median,qi
cases_mean,4,22646.42246634139,19325.79427229271,26828.73480929104,0.95,median,qi
cases_mean,5,22657.45767887919,19441.54860908846,26564.42107459803,0.95,median,qi
cases_mean,6,20524.031554886165,17526.504851376212,23983.64067522461,0.95,median,qi
cases_mean,7,17118.158591859756,14667.257917859612,20043.644294380167,0.95,median,qi
cases_mean,8,14225.375800098293,12357.13925736978,16764.221374811506,0.95,median,qi
cases_mean,9,12357.643347395899,10515.93019471607,14402.17290469618,0.95,median,qi
cases_mean,10,10559.262018700712,8860.13027960694,12357.358009151478,0.95,median,qi
cases_mean,11,9230.785283946549,7709.092781698863,10678.545773690781,0.95,median,qi
cases_mean,12,7934.760963482682,6740.762951138577,9462.46153598223,0.95,median,qi
cases_mean,13,6940.715451376618,5854.310697503815,8217.460572699649,0.95,median,qi
cases_mean,14,6805.425759780066,5751.435669403585,7976.072085592108,0.95,median,qi
cases_mean,15,7321.078960319061,6158.223057739943,8843.286705149823,0.95,median,qi
cases_mean,16,8111.642307245458,6996.667585365512,9491.14270794644,0.95,median,qi
cases_mean,17,8307.008240859272,7042.350207330829,9644.866917857516,0.95,median,qi
cases_mean,18,7631.531304972186,6661.183143802285,8836.388667865931,0.95,median,qi
cases_mean,19,6945.784481599068,6059.07921759662,8076.1568609824835,0.95,median,qi
cases_mean,20,7075.6494922715065,5929.695067257475,8377.163791821622,0.95,median,qi
cases_mean,21,9115.217438147836,7823.822580222038,10931.376114403269,0.95,median,qi
cases_mean,22,11887.086151152243,9999.614392267355,14521.1010070996,0.95,median,qi
cases_mean,23,23090.497315272176,19335.038605824502,28038.57342269905,0.95,median,qi
cases_mean,24,66484.63861186417,54544.47079476866,79365.13785450037,0.95,median,qi
cases_mean,25,174021.65523168136,147800.3833230217,208635.9669432907,0.95,median,qi
cases_mean,26,292528.18644801376,253542.8120590967,338280.08117304853,0.95,median,qi
cases_mean,27,269429.78931024915,225229.57337156739,311222.4349289446,0.95,median,qi
cases_mean,28,166087.01587364517,144518.51399472586,192602.7825055526,0.95,median,qi
cases_mean,29,88719.45552924098,76965.96652416165,103552.05916808367,0.95,median,qi
cases_mean,30,45535.657557380546,39266.986554421375,53514.08240316875,0.95,median,qi
cases_mean,31,25190.267833259735,21527.110698179153,29041.380437449072,0.95,median,qi
cases_mean,32,14262.874222508648,12235.881355721092,16706.885831168413,0.95,median,qi
cases_mean,33,8362.197961436297,7065.11647835097,10271.976386991471,0.95,median,qi
E,0,4002.0016685683822,4001.904147700548,4002.0948070605673,0.95,median,qi
E,1,12315.69984064417,9044.82295120621,18048.45771653953,0.95,median,qi
E,2,19271.647713227612,12384.358162760347,28753.67578389917,0.95,median,qi
E,3,25320.389123413766,17117.69904190571,36814.0272895916,0.95,median,qi
E,4,29023.30819625826,20379.68970568459,42401.466595681355,0.95,median,qi
E,5,30500.674938075354,20700.16435779487,45309.312042832455,0.95,median,qi
E,6,29326.259756604384,19814.303646408214,44937.95551464905,0.95,median,qi
E,7,24798.199950781735,17253.891489545284,35372.427975948325,0.95,median,qi
E,8,19780.7179611147,13790.645572624653,30983.58732714646,0.95,median,qi
E,9,17156.786586544386,11885.859081591074,26008.838341117065,0.95,median,qi
E,10,14784.80275901903,9925.598438355313,20978.347362109595,0.95,median,qi
E,11,12529.286503198882,7894.681878311797,19685.330820791387,0.95,median,qi
E,12,11143.455202162002,7103.117035898549,16688.290268278924,0.95,median,qi
E,13,9398.577620125718,6307.603399078194,13701.326468831474,0.95,median,qi
E,14,8549.48801702977,5553.75959228697,12256.891233522987,0.95,median,qi
E,15,8822.412080988017,5773.56461851749,13094.786492342,0.95,median,qi
E,16,9947.501436553695,6820.579432686986,14911.822930944412,0.95,median,qi
E,17,10998.390194721896,6999.414197357054,15850.450687808696,0.95,median,qi
E,18,10623.523708017674,6833.152556667923,16265.424691146047,0.95,median,qi
E,19,9442.410314949222,6081.315344730205,13903.140446070454,0.95,median,qi
E,20,8651.179356680528,5800.919292334594,13022.510567084786,0.95,median,qi
E,21,9350.50812300394,5704.416600563742,15109.243404854291,0.95,median,qi
E,22,13775.0690162814,9427.96441084774,20847.491682929896,0.95,median,qi
E,23,17534.175010758237,10947.683392189838,26687.126539983605,0.95,median,qi
E,24,43136.93331224653,29478.49902033964,67354.57725279269,0.95,median,qi
E,25,143453.50052957906,88739.73172928923,214121.95666780235,0.95,median,qi
E,26,333328.70450739854,230694.24902350476,512641.88669755904,0.95,median,qi
E,27,450573.1921866669,316534.33420413395,626612.6489368423,0.95,median,qi
E,28,294239.3858760911,207915.27266496705,418997.59959137044,0.95,median,qi
E,29,162063.35345858388,114300.29597770408,243357.20368640806,0.95,median,qi
E,30,81627.06578370626,56133.015837770516,116840.03181917094,0.95,median,qi
E,31,42750.82855607754,27296.515024370183,63005.16816290355,0.95,median,qi
E,32,24212.19482977014,16331.314911524085,36296.16144908498,0.95,median,qi
E,33,13768.432206926613,9520.443249250751,20037.80482725439,0.95,median,qi
E,34,8293.304825575966,5182.796471217931,13327.792770147342,0.95,median,qi
I,0,8004.994071895238,8004.866853293469,8005.086192743917,0.95,median,qi
I,1,13025.450697064129,10552.370911989929,17248.594186727212,0.95,median,qi
I,2,22335.541430319267,16701.751408222808,33327.48840844101,0.95,median,qi
I,3,32844.81472953694,23809.377009455628,47647.29303340797,0.95,median,qi
I,4,41478.191395683534,28673.442362766433,62498.97941283006,0.95,median,qi
I,5,46730.431904250276,32390.197052013533,71840.22870068082,0.95,median,qi
I,6,48117.69685926179,33252.43469149603,73331.39207638227,0.95,median,qi
I,7,45494.012109311836,31307.0054868203,69922.17489560417,0.95,median,qi
I,8,38662.383171841895,27973.0282618625,61933.43177245528,0.95,median,qi
I,9,32931.00513472505,23124.335499066714,52684.91381938214,0.95,median,qi
I,10,28412.69210554042,19232.749560427852,45914.36449462221,0.95,median,qi
I,11,24466.321730676987,16594.851761068516,38091.9168998601,0.95,median,qi
I,12,20940.232812439266,14713.422610207022,31907.64708534618,0.95,median,qi
I,13,18123.128517337223,12345.883635239832,27945.69094420307,0.95,median,qi
I,14,15698.42058950516,10698.280658989403,24514.04693423556,0.95,median,qi
I,15,14980.955608141416,10656.100112390812,24265.47235022353,0.95,median,qi
I,16,15841.989921977849,10689.168638386298,25159.59001207204,0.95,median,qi
I,17,16901.99843754642,12230.82951418504,26026.428967848882,0.95,median,qi
I,18,17403.778025993623,12513.31035449376,28075.046649355372,0.95,median,qi
I,19,16534.285031523992,11532.457859089309,26282.978977152186,0.95,median,qi
I,20,15255.133896877447,10768.61299218686,25296.934858614877,0.95,median,qi
I,21,15404.38206189999,10941.414312305338,24214.62320549086,0.95,median,qi
I,22,19007.247741798703,13538.417128322244,29049.114957192665,0.95,median,qi
I,23,24063.652386443122,17802.108204785887,37003.41085015977,0.95,median,qi
I,24,44345.77401500372,32642.67328493046,66396.77330149485,0.95,median,qi
I,25,124648.56227337537,92145.79225659897,183772.11030552688,0.95,median,qi
I,26,318708.3378019007,228718.24488161845,498827.0193896544,0.95,median,qi
I,27,549702.5980845749,409742.244919024,815192.8331380963,0.95,median,qi
I,28,553212.2865279726,398834.6628208512,840498.9555827642,0.95,median,qi
I,29,400524.20018049714,270182.73328589293,661191.8780313269,0.95,median,qi
I,30,246692.29051655479,156249.80719082002,412020.39286315936,0.95,median,qi
I,31,138025.13095401158,84953.89672059163,241611.14982294085,0.95,median,qi
I,32,76880.10040834537,48110.06312647132,145299.03396784174,0.95,median,qi
I,33,43867.85425078077,25851.719702662238,84621.91783436593,0.95,median,qi
I,34,25038.393708987503,15049.864043898122,47937.10753094265,0.95,median,qi
new_cases,0,16782.9963663371,12897.04547422422,24421.53710047707,0.95,median,qi
new_cases,1,30409.388424187102,23192.43235861766,46653.89312332186,0.95,median,qi
new_cases,2,43592.12744997846,31540.361169015676,68341.81942480295,0.95,median,qi
new_cases,3,54439.86848262318,37255.25564320348,80881.43264803763,0.95,median,qi
new_cases,4,59029.25799109724,42770.38989497043,91253.10656691455,0.95,median,qi
new_cases,5,59013.18080871139,42482.02482092497,88159.18130864327,0.95,median,qi
new_cases,6,52558.010659823805,39818.19876500719,78764.86640540518,0.95,median,qi
new_cases,7,43829.38764352116,33445.144489528815,68043.34300032066,0.95,median,qi
new_cases,8,36638.08248078448,27534.04091089292,57904.353303603406,0.95,median,qi
new_cases,9,31982.130071568943,22973.10758850614,49646.64610670654,0.95,median,qi
new_cases,10,27436.77560427814,19766.233917386482,42630.74205607922,0.95,median,qi
new_cases,11,23956.447906922025,17149.67766020742,34341.63045564204,0.95,median,qi
new_cases,12,20580.771956002223,14943.93104173258,29335.42337403022,0.95,median,qi
new_cases,13,17948.055458319053,13521.076896941797,27042.67700373059,0.95,median,qi
new_cases,14,17733.37621680423,12706.336667479076,26704.520215141918,0.95,median,qi
new_cases,15,19267.305648273556,13735.219441291225,27051.65429569781,0.95,median,qi
new_cases,16,21109.88043098827,15171.130625891958,32369.675720913514,0.95,median,qi
new_cases,17,21485.270682955044,15369.069238640412,33956.620123215755,0.95,median,qi
new_cases,18,19607.467669477628,14649.750188938417,31431.72591317601,0.95,median,qi
new_cases,19,18114.745382080553,13313.683854030045,28808.37542003314,0.95,median,qi
new_cases,20,18538.228307051468,13266.038552358863,27429.465097620865,0.95,median,qi
new_cases,21,23911.572106821637,17297.604279215542,36770.238393945445,0.95,median,qi
new_cases,22,30860.343844043673,22808.61332335577,49571.910928964324,0.95,median,qi
new_cases,23,60222.34370948491,43219.44081311518,92615.54250964864,0.95,median,qi
new_cases,24,173712.13734411506,123886.74960988105,261402.09278553232,0.95,median,qi
new_cases,25,451053.5458161089,324982.16208530904,727912.1540453878,0.95,median,qi
new_cases,26,758744.8581694164,578153.3231595927,1153777.5077521517,0.95,median,qi
new_cases,27,702271.7777035683,520365.4743222932,1012305.1429418819,0.95,median,qi
new_cases,28,436049.87599884253,319813.8707481045,683268.7881005307,0.95,median,qi
new_cases,29,232267.92124459962,167300.48335846365,358027.88685214135,0.95,median,qi
new_cases,30,119111.08166112937,89180.65193400264,177467.9115810479,0.95,median,qi
new_cases,31,65194.03940023435,47810.21554012262,103376.53217858427,0.95,median,qi
new_cases,32,37301.47908384469,27164.33266498558,57157.41333479074,0.95,median,qi
new_cases,33,22092.500369809568,15926.32990494494,32819.02700644247,0.95,median,qi
R,0,1,1,1,0.95,median,qi
R,1,11788.687895408264,8964.51131445204,16337.0767380603,0.95,median,qi
R,2,32961.59806126304,24516.94759175966,48589.17674553744,0.95,median,qi
R,3,66471.09719716095,49475.00088898161,100872.61893661726,0.95,median,qi
R,4,110031.36568317097,81965.15566012438,173155.71432064066,0.95,median,qi
R,5,164220.59711599955,121547.44121783628,254186.88297577543,0.95,median,qi
R,6,221936.91002327763,164771.74773193285,338506.06017336657,0.95,median,qi
R,7,280050.8851999665,208166.76219563498,421107.48751022585,0.95,median,qi
R,8,331447.37753564725,248730.1764148768,499566.49304183986,0.95,median,qi
R,9,375239.66817579686,283516.4216288551,564912.7379222389,0.95,median,qi
R,10,411177.59791431914,310961.6549935832,621914.5261494609,0.95,median,qi
R,11,441608.8244370484,335813.8572964713,665843.0993638387,0.95,median,qi
R,12,468171.2380395106,357434.6165956941,706004.1714491788,0.95,median,qi
R,13,491252.1401518959,376109.78686262015,742319.7486588716,0.95,median,qi
R,14,512530.28846927057,393484.88191326545,773949.383579804,0.95,median,qi
R,15,530073.5028449384,408965.12723040115,802460.1972533483,0.95,median,qi
R,16,547876.935938834,424196.014725221,828447.272786086,0.95,median,qi
R,17,568004.7211736254,440168.9476583036,855037.3613252399,0.95,median,qi
R,18,588808.7433626611,456979.05171789497,886431.1614898269,0.95,median,qi
R,19,608522.6313147494,473567.2271935994,917601.4166328072,0.95,median,qi
R,20,626301.9796640922,489117.8154520657,946812.4653400014,0.95,median,qi
R,21,644685.4253817019,503016.8385161497,973446.3296874611,0.95,median,qi
R,22,664993.8884678846,517807.5911332208,1003786.0405536122,0.95,median,qi
R,23,691114.3175376214,536967.6378150716,1045766.5934288376,0.95,median,qi
R,24,730007.0012663584,564945.8447081601,1104033.2856729142,0.95,median,qi
R,25,823557.2665565202,626281.3555568603,1269436.527607163,0.95,median,qi
R,26,1077353.1458749103,807901.8438584495,1666661.201713373,0.95,median,qi
R,27,1606632.2871612904,1192254.3306373404,2515715.4727898417,0.95,median,qi
R,28,2296368.500374117,1717948.5244162765,3551273.426682905,0.95,median,qi
R,29,2882718.3997896104,2165326.1108834697,4432563.3548095515,0.95,median,qi
R,30,3264656.107431499,2491190.990473557,5044702.487434568,0.95,median,qi
R,31,3493196.1152938213,2670218.2641367232,5382123.8511539865,0.95,median,qi
R,32,3627586.547422906,2777224.9179746252,5537647.333092839,0.95,median,qi
R,33,3704837.782169992,2841262.9395099184,5617256.544696138,0.95,median,qi
R,34,3752544.172216747,2873624.4587116754,5660747.837097761,0.95,median,qi
rt_t_values,0,2.1568374180211913,1.9015958756771845,2.4807558242481482,0.95,median,qi
rt_t_values,1,1.7414444067844754,1.3652093355285784,2.3199881032721548,0.95,median,qi
rt_t_values,2,1.5056942694968272,1.156591781776901,1.9318312539396492,0.95,median,qi
rt_t_values,3,1.264482930281941,0.9803056342310186,1.571681074151263,0.95,median,qi
rt_t_values,4,1.1388849619375971,0.8871662232959252,1.4293035267841518,0.95,median,qi
rt_t_values,5,0.992725939566834,0.7878664020944207,1.2667796144921037,0.95,median,qi
rt_t_values,6,0.8630916053080575,0.670604508666142,1.1129484072596971,0.95,median,qi
rt_t_values,7,0.7803532636198048,0.5817449678081598,1.0181476876786308,0.95,median,qi
rt_t_values,8,0.8069057984500191,0.6258179330233711,0.9616072011063814,0.95,median,qi
rt_t_values,9,0.8048321217835404,0.600349421783618,1.0050418470954199,0.95,median,qi
rt_t_values,10,0.7968267992733746,0.5771109342238059,1.0527134514174732,0.95,median,qi
rt_t_values,11,0.8308078064023392,0.5756430656453405,1.0569543606293963,0.95,median,qi
rt_t_values,12,0.8012230496019617,0.6201347104398084,1.0649396151979165,0.95,median,qi
rt_t_values,13,0.847018256565875,0.6260621171736797,1.0459692824535471,0.95,median,qi
rt_t_values,14,0.9671888092902963,0.752749148016722,1.2945865736605067,0.95,median,qi
rt_t_values,15,1.0956243923111333,0.873373027132101,1.3422365257986653,0.95,median,qi
rt_t_values,16,1.122842855904642,0.850118395036255,1.3934642676437263,0.95,median,qi
rt_t_values,17,0.9896250634935035,0.791912522853306,1.3095335818403806,0.95,median,qi
rt_t_values,18,0.8998740498869557,0.7179492736830748,1.1089029210653538,0.95,median,qi
rt_t_values,19,0.8915850700739475,0.6976977989429629,1.1271202209850606,0.95,median,qi
rt_t_values,20,1.0357588762920362,0.7898925436816335,1.3478266569698285,0.95,median,qi
rt_t_values,21,1.4014435653528778,1.0561531304269083,1.722437699722382,0.95,median,qi
rt_t_values,22,1.3355228292959558,1.0202580200388514,1.6945071714801339,0.95,median,qi
rt_t_values,23,2.1934578021695814,1.6867498204375038,2.8289303119241036,0.95,median,qi
rt_t_values,24,2.951597419676994,2.2905033068522,3.7447321734362773,0.95,median,qi
rt_t_values,25,2.5263585024562287,1.9973735814439675,3.3939278194308327,0.95,median,qi
rt_t_values,26,1.6322986311058385,1.2071207200271172,2.134022153771156,0.95,median,qi
rt_t_values,27,0.778156840112705,0.5786194143689734,1.0128906081977946,0.95,median,qi
rt_t_values,28,0.5181293509805107,0.3424812601294284,0.6834856107389936,0.95,median,qi
rt_t_values,29,0.38958714492500374,0.26885934491335906,0.508384363121484,0.95,median,qi
rt_t_values,30,0.3447852575400064,0.24060922978338437,0.4817736214973307,0.95,median,qi
rt_t_values,31,0.36717111086088233,0.24807289380846298,0.5367471631938261,0.95,median,qi
rt_t_values,32,0.3675048916451046,0.2528094787173272,0.530125655798702,0.95,median,qi
rt_t_values,33,0.4031063422184613,0.2338094548314852,0.6577346110001207,0.95,median,qi
