time,total_count,total_count_I,total_count_R1,num_I,num_R1,time.y,S.x,E.x,I.x,R1.x,beta_t.x,R0.x,time_diff.x,Rt.x,time.y.y,S.y,E.y,I.y,R1.y,beta_t.y,R0.y,time_diff.y,Rt.y
78,58817478589.074776,38674045957.40683,20143432631.667923,479,2020,77.99888345304547,89429,224,479,2020,0.12857142857142856,0.8999999999999999,0.00111654695453466,0.8053469999999999,77.99888345304547,89429,224,479,2020,0.12857142857142856,0.8999999999999999,0.00111654695453466,0.8053469999999999
78.5,20634478876.058395,10625278544.523138,10009200331.535252,480,1994,NA,NA,NA,NA,NA,NA,NA,NA,NA,NA,NA,NA,NA,NA,NA,NA,NA,NA
79,57776019538.84046,48775221019.341194,9000798519.49925,488,1958,78.99397454757475,89370,225,488,1958,0.12857142857142856,0.8999999999999999,0.00602545242524854,0.8048609999999999,78.99397454757475,89370,225,488,1958,0.12857142857142856,0.8999999999999999,0.00602545242524854,0.8048609999999999
79.5,47020146854.51239,36797174513.86929,10222972340.643118,485,1944,NA,NA,NA,NA,NA,NA,NA,NA,NA,NA,NA,NA,NA,NA,NA,NA,NA,NA
80,23837035479.31492,17826566761.763428,6010468717.551507,483,1918,79.9938502681326,89314,221,483,1918,0.13249344604252208,0.9274541222976548,0.00614973186739575,0.828865749097414,79.9938502681326,89314,221,483,1918,0.13249344604252208,0.9274541222976548,0.00614973186739575,0.828865749097414
80.5,29176203459.587288,17253176198.18287,11923027261.404408,492,1902,NA,NA,NA,NA,NA,NA,NA,NA,NA,NA,NA,NA,NA,NA,NA,NA,NA,NA
81,36000100075.82151,18745986994.566666,17254113081.25488,490,1892,80.99755097794963,89250,213,490,1892,0.13653510301062108,0.9557457210743476,0.00244902205037078,0.8536147333203428,80.99755097794963,89250,213,490,1892,0.13653510301062108,0.9557457210743476,0.00244902205037078,0.8536147333203428
81.5,94140007526.52444,29873545441.489548,64266462085.034996,481,1871,NA,NA,NA,NA,NA,NA,NA,NA,NA,NA,NA,NA,NA,NA,NA,NA,NA,NA
82,69420486374.16379,44664067437.628456,24756418936.53527,462,1882,81.99803490045878,89189,213,462,1882,0.14070004902837266,0.9849003431986086,0.00196509954122348,0.8790235563047583,81.99803490045878,89189,213,462,1882,0.14070004902837266,0.9849003431986086,0.00196509954122348,0.8790235563047583
82.5,25605759883.109142,10836610845.149578,14769149037.95959,473,1858,NA,NA,NA,NA,NA,NA,NA,NA,NA,NA,NA,NA,NA,NA,NA,NA,NA,NA
83,28774605149.601856,14397722967.995686,14376882181.606173,483,1836,82.99365077484511,89128,201,483,1836,0.14499204497649593,1.0149443148354715,0.00634922515489222,0.9052186849586088,82.99365077484511,89128,201,483,1836,0.14499204497649593,1.0149443148354715,0.00634922515489222,0.9052186849586088
83.5,29231533140.307457,16443475361.832457,12788057778.474983,469,1817,NA,NA,NA,NA,NA,NA,NA,NA,NA,NA,NA,NA,NA,NA,NA,NA,NA,NA
84,49233591168.82998,16361300548.18177,32872290620.648193,464,1801,83.9965768157295,89058,220,464,1801,0.14941496645979788,1.045904765218585,0.00342318427050258,0.9321939991440203,83.9965768157295,89058,220,464,1801,0.14941496645979788,1.045904765218585,0.00342318427050258,0.9321939991440203
84.5,109789254547.14406,53992456497.24359,55796798049.90046,455,1785,NA,NA,NA,NA,NA,NA,NA,NA,NA,NA,NA,NA,NA,NA,NA,NA,NA,NA
85,54068568770.60842,32887899136.578953,21180669634.02942,458,1762,84.99709627761183,89014,212,458,1762,0.1539728073067837,1.077809651147486,0.00290372238816871,0.959875719118928,84.99709627761183,89014,212,458,1762,0.1539728073067837,1.077809651147486,0.00290372238816871,0.959875719118928
85.5,97390694604.81665,71124288456.13335,26266406148.683342,455,1735,NA,NA,NA,NA,NA,NA,NA,NA,NA,NA,NA,NA,NA,NA,NA,NA,NA,NA
86,30284580247.89113,14493199785.161247,15791380462.729885,445,1728,85.99688897588142,88962,212,445,1728,0.15866968317602106,1.1106877822321477,0.00311102411858144,0.9886676224761238,85.99688897588142,88962,212,445,1728,0.15866968317602106,1.1106877822321477,0.00311102411858144,0.9886676224761238
86.5,57847651115.32055,45647403773.697235,12200247341.623312,444,1718,NA,NA,NA,NA,NA,NA,NA,NA,NA,NA,NA,NA,NA,NA,NA,NA,NA,NA
87,33832870870.634987,19437067432.105415,14395803438.529585,434,1715,86.99466245403029,88892,229,434,1715,0.16350983527251506,1.1445688469076054,0.00533754596970936,1.018231337585944,86.99466245403029,88892,229,434,1715,0.16350983527251506,1.1445688469076054,0.00533754596970936,1.018231337585944
87.5,89416549499.7199,69189736288.41858,20226813211.301273,425,1708,NA,NA,NA,NA,NA,NA,NA,NA,NA,NA,NA,NA,NA,NA,NA,NA,NA,NA
88,31137779858.279827,16082365214.067144,15055414644.212685,428,1680,87.99967422639492,88823,247,428,1680,0.16849763417744945,1.1794834392421465,3.257736050841231e-4,1.0484664188111288,87.99967422639492,88823,247,428,1680,0.16849763417744945,1.1794834392421465,3.257736050841231e-4,1.0484664188111288
88.5,273456087092.10153,264084210095.86975,9371876996.231754,430,1660,NA,NA,NA,NA,NA,NA,NA,NA,NA,NA,NA,NA,NA,NA,NA,NA,NA,NA
89,31494528373.234715,21949759252.27237,9544769120.962358,439,1638,88.99834795982177,88744,261,439,1638,0.173637583794753,1.215463086563271,0.00165204017822873,1.0796107773780943,88.99834795982177,88744,261,439,1638,0.173637583794753,1.215463086563271,0.00165204017822873,1.0796107773780943
89.5,82603240253.50546,16068778021.679289,66534462231.826126,451,1630,NA,NA,NA,NA,NA,NA,NA,NA,NA,NA,NA,NA,NA,NA,NA,NA,NA,NA
90,29700298263.020004,17999978786.48997,11700319476.53006,452,1623,89.99428475312074,88668,268,452,1623,0.1789343254180534,1.252540277926374,0.00571524687926228,1.1115543442429814,89.99428475312074,88668,268,452,1623,0.1789343254180534,1.252540277926374,0.00571524687926228,1.1115543442429814
90.5,35909187785.49044,25023175802.2357,10886011983.254738,451,1614,NA,NA,NA,NA,NA,NA,NA,NA,NA,NA,NA,NA,NA,NA,NA,NA,NA,NA
91,112850024859.7169,79421973681.63553,33428051178.081337,457,1597,90.99690298676433,88586,277,457,1597,0.1843926419216929,1.2907484934518505,0.00309701323568845,1.1444808741738868,90.99690298676433,88586,277,457,1597,0.1843926419216929,1.2907484934518505,0.00309701323568845,1.1444808741738868
91.5,26705633796.894505,19845717803.86905,6859915993.025437,452,1593,NA,NA,NA,NA,NA,NA,NA,NA,NA,NA,NA,NA,NA,NA,NA,NA,NA,NA
92,46097344468.295334,32711724192.11605,13385620276.17932,453,1572,91.9982509759126,88493,303,453,1572,0.1900174620795882,1.3301222345571175,0.0017490240873883,1.178302082704768,91.9982509759126,88493,303,453,1572,0.1900174620795882,1.3301222345571175,0.0017490240873883,1.178302082704768
92.5,34514379057.96551,23455255194.101246,11059123863.864307,457,1559,NA,NA,NA,NA,NA,NA,NA,NA,NA,NA,NA,NA,NA,NA,NA,NA,NA,NA
93,54719554230.05708,25625929843.401566,29093624386.65552,466,1546,92.99805641224246,88409,311,466,1546,0.19581386501583592,1.3706970551108515,0.00194358775753755,1.2129709449792458,92.99805641224246,88409,311,466,1546,0.19581386501583592,1.3706970551108515,0.00194358775753755,1.2129709449792458
93.5,47871072722.019875,23228266130.07203,24642806591.94783,475,1528,NA,NA,NA,NA,NA,NA,NA,NA,NA,NA,NA,NA,NA,NA,NA,NA,NA,NA
94,196315245604.07098,183374859561.3871,12940386042.683958,475,1517,93.99944347332384,88320,328,475,1517,0.2017870847910817,1.412509593537572,5.565266761493604e-4,1.248785606550632,93.99944347332384,88320,328,475,1517,0.2017870847910817,1.412509593537572,5.565266761493604e-4,1.248785606550632
94.5,35039114010.37411,19501738014.356316,15537375996.017822,480,1510,NA,NA,NA,NA,NA,NA,NA,NA,NA,NA,NA,NA,NA,NA,NA,NA,NA,NA
95,56367898045.15479,22045100752.471127,34322797292.683712,491,1499,94.99925231784412,88227,337,491,1499,0.2079425151287945,1.4555976059015616,7.476821558896063e-4,1.2855838055322593,94.99925231784412,88227,337,491,1499,0.2079425151287945,1.4555976059015616,7.476821558896063e-4,1.2855838055322593
95.5,39682120215.33129,28736923552.03475,10945196663.296589,494,1494,NA,NA,NA,NA,NA,NA,NA,NA,NA,NA,NA,NA,NA,NA,NA,NA,NA,NA
96,31141226584.260155,23052002653.428814,8089223930.831339,491,1489,95.99749028321835,88137,354,491,1489,0.21428571428571427,1.5,0.00250971678164546,1.323405,95.99749028321835,88137,354,491,1489,0.21428571428571427,1.5,0.00250971678164546,1.323405
96.5,54569486754.10083,34596836584.473785,19972650169.627018,508,1478,NA,NA,NA,NA,NA,NA,NA,NA,NA,NA,NA,NA,NA,NA,NA,NA,NA,NA
97,32654886162.698933,23589085562.35984,9065800600.339115,511,1474,96.9988631869548,88037,374,511,1474,0.22082241007087017,1.5457568704960911,0.00113681304519275,1.36238373294914,96.9988631869548,88037,374,511,1474,0.22082241007087017,1.5457568704960911,0.00113681304519275,1.36238373294914
97.5,72327360255.65958,35595416241.551,36731944014.10855,518,1474,NA,NA,NA,NA,NA,NA,NA,NA,NA,NA,NA,NA,NA,NA,NA,NA,NA,NA
98,43305949680.905426,24836586157.88348,18469363523.021904,519,1476,97.99950509875178,87924,398,519,1476,0.22755850501770175,1.5929095351239124,4.949012482171611e-4,1.4023497674370389,97.99950509875178,87924,398,519,1476,0.22755850501770175,1.5929095351239124,4.949012482171611e-4,1.4023497674370389
98.5,43638242169.281,28670706710.425488,14967535458.855555,534,1464,NA,NA,NA,NA,NA,NA,NA,NA,NA,NA,NA,NA,NA,NA,NA,NA,NA,NA
99,67895432016.573135,37254029125.388145,30641402891.18499,543,1466,98.99973028378322,87800,423,543,1466,0.23450008171395448,1.6415005719976814,2.6971621677773783e-4,1.4432729629232417,98.99973028378322,87800,423,543,1466,0.23450008171395448,1.6415005719976814,2.6971621677773783e-4,1.4432729629232417
99.5,77864481392.50012,38626830721.636536,39237650670.86344,557,1457,NA,NA,NA,NA,NA,NA,NA,NA,NA,NA,NA,NA,NA,NA,NA,NA,NA,NA
100,41376082134.33117,25804381801.696728,15571700332.634502,580,1460,99.99940189933784,87671,434,580,1460,0.24165340829415993,1.6915738580591195,5.981006621453844e-4,1.485201847375907,99.99940189933784,87671,434,580,1460,0.24165340829415993,1.6915738580591195,5.981006621453844e-4,1.485201847375907
100.5,42551838078.34175,31555584058.212925,10996254020.128807,592,1463,NA,NA,NA,NA,NA,NA,NA,NA,NA,NA,NA,NA,NA,NA,NA,NA,NA,NA
101,70718864645.85999,49096562668.17054,21622301977.689342,603,1461,100.99510198685952,87553,454,603,1461,0.2490249440996631,1.7431746086976418,0.00489801314049032,1.5282586111913097,100.99510198685952,87553,454,603,1461,0.2490249440996631,1.7431746086976418,0.00489801314049032,1.5282586111913097
101.5,49893084347.51359,27747106593.841248,22145977753.672306,606,1465,NA,NA,NA,NA,NA,NA,NA,NA,NA,NA,NA,NA,NA,NA,NA,NA,NA,NA
102,72407883154.31966,20355066998.398174,52052816155.92151,612,1492,101.99978041897266,87414,494,612,1492,0.25662134551130616,1.796349418579143,2.195810273377674e-4,1.5727578064485974,101.99978041897266,87414,494,612,1492,0.25662134551130616,1.796349418579143,2.195810273377674e-4,1.5727578064485974
102.5,41372470893.97335,24563446369.197136,16809024524.776217,635,1498,NA,NA,NA,NA,NA,NA,NA,NA,NA,NA,NA,NA,NA,NA,NA,NA,NA,NA
103,101756272933.0778,30108666668.424908,71647606264.65298,659,1503,102.99914834924722,87266,505,659,1503,0.26444947196003515,1.8511463037202465,8.516507527787098e-4,1.618161029934016,102.99914834924722,87266,505,659,1503,0.26444947196003515,1.8511463037202465,8.516507527787098e-4,1.618161029934016
103.5,56784903946.86626,35451563150.2722,21333340796.594074,680,1515,NA,NA,NA,NA,NA,NA,NA,NA,NA,NA,NA,NA,NA,NA,NA,NA,NA,NA
104,67656294439.94327,45921966785.908806,21734327654.034473,686,1529,103.99295878440584,87112,528,686,1529,0.27251639212085843,1.907614744846009,0.00704121559417103,1.6646990832373183,103.99295878440584,87112,528,686,1529,0.27251639212085843,1.907614744846009,0.00704121559417103,1.6646990832373183
104.5,74981894262.24649,53793200516.98737,21188693745.259148,708,1538,NA,NA,NA,NA,NA,NA,NA,NA,NA,NA,NA,NA,NA,NA,NA,NA,NA,NA
105,98258020459.64842,75068557928.88638,23189462530.762024,729,1535,104.9998051033165,86937,565,729,1535,0.28082939029574916,1.965805732070244,1.9489668349592648e-4,1.7124526893210312,104.9998051033165,86937,565,729,1535,0.28082939029574916,1.965805732070244,1.9489668349592648e-4,1.7124526893210312
105.5,56730922455.088715,40377849660.61308,16353072794.475588,761,1536,NA,NA,NA,NA,NA,NA,NA,NA,NA,NA,NA,NA,NA,NA,NA,NA,NA,NA
106,67811190626.30504,42225672696.96713,25585517929.337967,770,1547,105.99854013891289,86740,621,770,1547,0.289395972991255,2.0257718109387852,0.00145986108712747,1.7611452392758515,105.99854013891289,86740,621,770,1547,0.289395972991255,2.0257718109387852,0.00145986108712747,1.7611452392758515
106.5,201959195929.23956,169986546640.39163,31972649288.847866,805,1557,NA,NA,NA,NA,NA,NA,NA,NA,NA,NA,NA,NA,NA,NA,NA,NA,NA,NA
107,74103202820.48932,42275461860.862144,31827740959.627018,825,1564,106.99937376300018,86523,672,825,1564,0.2982238756967557,2.0875671298772898,6.26236999821117e-4,1.810755728455561,106.99937376300018,86523,672,825,1564,0.2982238756967557,2.0875671298772898,6.26236999821117e-4,1.810755728455561
107.5,113229232131.85376,64681921105.05393,48547311026.79979,855,1570,NA,NA,NA,NA,NA,NA,NA,NA,NA,NA,NA,NA,NA,NA,NA,NA,NA,NA
108,172928365925.88245,101548901051.16205,71379464874.72032,867,1573,107.99600714908595,86305,737,867,1573,0.30732106986948815,2.1512474890864173,0.00399285091403101,1.8613238649822408,107.99600714908595,86305,737,867,1573,0.30732106986948815,2.1512474890864173,0.00399285091403101,1.8613238649822408
108.5,73538926824.85669,46938112291.955925,26600814532.90065,908,1586,NA,NA,NA,NA,NA,NA,NA,NA,NA,NA,NA,NA,NA,NA,NA,NA,NA,NA
109,96767650676.91718,52713211213.858665,44054439463.05857,934,1613,108.99803025333848,86039,808,934,1613,0.316695770132647,2.2168703909285292,0.00196974666152982,1.9132699908908672,108.99803025333848,86039,808,934,1613,0.316695770132647,2.2168703909285292,0.00196974666152982,1.9132699908908672
109.5,155535551810.12048,95034027786.69612,60501524023.42395,964,1656,NA,NA,NA,NA,NA,NA,NA,NA,NA,NA,NA,NA,NA,NA,NA,NA,NA,NA
110,95234815651.96329,61308496448.82209,33926319203.14112,1006,1677,109.9999312455812,85753,882,1006,1677,0.32635644169305994,2.2844950918514195,6.875441879117261e-5,1.965556732078043,109.9999312455812,85753,882,1006,1677,0.32635644169305994,2.2844950918514195,6.875441879117261e-5,1.965556732078043
110.5,115849534675.58537,82971862304.57439,32877672371.011196,1049,1699,NA,NA,NA,NA,NA,NA,NA,NA,NA,NA,NA,NA,NA,NA,NA,NA,NA,NA
111,102330624479.88208,59022045138.306366,43308579341.5755,1074,1727,110.99783159874052,85483,934,1074,1727,0.33631180798513616,2.3541826558959533,0.00216840125948181,2.018782252910457,110.99783159874052,85483,934,1074,1727,0.33631180798513616,2.3541826558959533,0.00216840125948181,2.018782252910457
111.5,103396783818.01904,71917601174.22255,31479182643.796276,1132,1749,NA,NA,NA,NA,NA,NA,NA,NA,NA,NA,NA,NA,NA,NA,NA,NA,NA,NA
112,151753536670.80136,88557485569.01585,63196051101.78613,1155,1779,111.99908200123714,85161,1018,1155,1779,0.3465708585479909,2.425996009835937,9.17998762858474e-4,2.073814169088054,111.99908200123714,85161,1018,1155,1779,0.3465708585479909,2.425996009835937,9.17998762858474e-4,2.073814169088054
112.5,119902656792.23474,85078942229.55452,34823714562.68023,1223,1810,NA,NA,NA,NA,NA,NA,NA,NA,NA,NA,NA,NA,NA,NA,NA,NA,NA,NA
113,250791172818.20026,75690265098.18166,175100907720.01834,1250,1835,112.99981701864984,84769,1136,1250,1835,0.3571428571428571,2.5,1.829813501501576e-4,2.129025,112.99981701864984,84769,1136,1250,1835,0.3571428571428571,2.5,1.829813501501576e-4,2.129025
113.5,121774724095.16219,73938773871.41542,47835950223.74671,1289,1872,NA,NA,NA,NA,NA,NA,NA,NA,NA,NA,NA,NA,NA,NA,NA,NA,NA,NA
114,121811357510.9808,61687783457.71239,60123574053.26828,1354,1901,113.99901362744568,84354,1261,1354,1901,0.3571428571428571,2.5,9.863725543226565e-4,2.119225,113.99901362744568,84354,1261,1354,1901,0.3571428571428571,2.5,9.863725543226565e-4,2.119225
114.5,128059928218.25812,83174440545.19963,44885487673.0586,1415,1947,NA,NA,NA,NA,NA,NA,NA,NA,NA,NA,NA,NA,NA,NA,NA,NA,NA,NA
115,124828314669.35774,80729549247.38531,44098765421.97258,1488,1991,114.99941468592398,83937,1351,1488,1991,0.3571428571428571,2.5,5.853140760194719e-4,2.10885,114.99941468592398,83937,1351,1488,1991,0.3571428571428571,2.5,5.853140760194719e-4,2.10885
115.5,222746584394.59064,72738698303.90605,150007886090.68466,1550,2068,NA,NA,NA,NA,NA,NA,NA,NA,NA,NA,NA,NA,NA,NA,NA,NA,NA,NA
116,171742564083.55472,108480122743.56003,63262441339.99499,1624,2122,115.99976954426916,83477,1453,1624,2122,0.3571428571428571,2.5,2.3045573082924875e-4,2.098425,115.99976954426916,83477,1453,1624,2122,0.3571428571428571,2.5,2.3045573082924875e-4,2.098425
116.5,187320691388.37683,94133640492.55537,93187050895.82156,1683,2158,NA,NA,NA,NA,NA,NA,NA,NA,NA,NA,NA,NA,NA,NA,NA,NA,NA,NA
117,325119563659.9475,194608835691.223,130510727968.72469,1769,2207,116.9999021523887,83000,1579,1769,2207,0.3571428571428571,2.5,9.784761130049446e-5,2.086925,116.9999021523887,83000,1579,1769,2207,0.3571428571428571,2.5,9.784761130049446e-5,2.086925
117.5,181994672158.45258,138063551084.91544,43931121073.53686,1817,2307,NA,NA,NA,NA,NA,NA,NA,NA,NA,NA,NA,NA,NA,NA,NA,NA,NA,NA
118,169400392129.19257,87384682399.32109,82015709729.87183,1886,2410,117.99946663097371,82438,1719,1886,2410,0.3571428571428571,2.5,5.333690262858681e-4,2.075,117.99946663097371,82438,1719,1886,2410,0.3571428571428571,2.5,5.333690262858681e-4,2.075
118.5,226387015969.05988,104500000484.71098,121887015484.34818,1983,2490,NA,NA,NA,NA,NA,NA,NA,NA,NA,NA,NA,NA,NA,NA,NA,NA,NA,NA
119,333979311381.17413,248095494639.42352,85883816741.75009,2091,2558,118.99977357326274,81867,1810,2091,2558,0.3571428571428571,2.5,2.2642673725670193e-4,2.06095,118.99977357326274,81867,1810,2091,2558,0.3571428571428571,2.5,2.2642673725670193e-4,2.06095
119.5,214583180066.39,127821376386.82663,86761803679.56256,2196,2620,NA,NA,NA,NA,NA,NA,NA,NA,NA,NA,NA,NA,NA,NA,NA,NA,NA,NA
120,263021010519.6616,191933009506.4783,71088001013.1829,2287,2691,119.99860356420936,81234,1964,2287,2691,0.3571428571428571,2.5,0.00139643579065307,2.046675,119.99860356420936,81234,1964,2287,2691,0.3571428571428571,2.5,0.00139643579065307,2.046675
120.5,229663130095.79285,146648800940.33447,83014329155.4586,2379,2778,NA,NA,NA,NA,NA,NA,NA,NA,NA,NA,NA,NA,NA,NA,NA,NA,NA,NA
121,297256814694.3409,210524451960.1977,86732362734.14394,2447,2903,120.99946501083612,80552,2133,2447,2903,0.3571428571428571,2.5,5.349891638815052e-4,2.03085,120.99946501083612,80552,2133,2447,2903,0.3571428571428571,2.5,5.349891638815052e-4,2.03085
121.5,451997841388.8483,357266795615.1838,94731045773.66437,2537,2988,NA,NA,NA,NA,NA,NA,NA,NA,NA,NA,NA,NA,NA,NA,NA,NA,NA,NA
122,340630575110.0738,248699378955.3838,91931196154.69061,2702,3061,121.99950623341932,79818,2266,2702,3061,0.3571428571428571,2.5,4.937665806892255e-4,2.0138,121.99950623341932,79818,2266,2702,3061,0.3571428571428571,2.5,4.937665806892255e-4,2.0138
122.5,405613676241.31885,305834266186.01697,99779410055.30139,2765,3175,NA,NA,NA,NA,NA,NA,NA,NA,NA,NA,NA,NA,NA,NA,NA,NA,NA,NA
123,477099534703.21765,294519152546.3153,182580382156.9032,2875,3283,122.99979906853196,79006,2499,2875,3283,0.3571428571428571,2.5,2.009314680293528e-4,1.99545,122.99979906853196,79006,2499,2875,3283,0.3571428571428571,2.5,2.009314680293528e-4,1.99545
123.5,533406035051.29565,410508813537.8709,122897221513.42522,3002,3407,NA,NA,NA,NA,NA,NA,NA,NA,NA,NA,NA,NA,NA,NA,NA,NA,NA,NA
124,329962408009.6897,210849140754.37366,119113267255.31703,3065,3544,123.9997185979514,78199,2671,3065,3544,0.3571428571428571,2.5,2.814020486141544e-4,1.97515,123.9997185979514,78199,2671,3065,3544,0.3571428571428571,2.5,2.814020486141544e-4,1.97515
124.5,529217843697.59766,301140710210.8899,228077133486.70782,3177,3678,NA,NA,NA,NA,NA,NA,NA,NA,NA,NA,NA,NA,NA,NA,NA,NA,NA,NA
125,426654345530.0139,252916117346.14536,173738228183.86765,3308,3772,124.99964021599818,77328,2860,3308,3772,0.3571428571428571,2.5,3.597840018159104e-4,1.954975,124.99964021599818,77328,2860,3308,3772,0.3571428571428571,2.5,3.597840018159104e-4,1.954975
125.5,418159762197.5699,330269031595.1924,87890730602.37752,3449,3904,NA,NA,NA,NA,NA,NA,NA,NA,NA,NA,NA,NA,NA,NA,NA,NA,NA,NA
126,479192423699.99274,324519053659.323,154673370040.66992,3585,4029,125.99959347306752,76387,3064,3585,4029,0.3571428571428571,2.5,4.065269324797782e-4,1.9332,125.99959347306752,76387,3064,3585,4029,0.3571428571428571,2.5,4.065269324797782e-4,1.9332
126.5,353415623382.66595,199521106050.0202,153894517332.64368,3718,4174,NA,NA,NA,NA,NA,NA,NA,NA,NA,NA,NA,NA,NA,NA,NA,NA,NA,NA
127,469818881049.243,251751941940.69092,218066939108.5505,3833,4332,126.9995137060716,75418,3261,3833,4332,0.3571428571428571,2.5,4.8629392838961394e-4,1.909675,126.9995137060716,75418,3261,3833,4332,0.3571428571428571,2.5,4.8629392838961394e-4,1.909675
127.5,980348839179.9861,810004040060.1515,170344799119.83328,3975,4457,NA,NA,NA,NA,NA,NA,NA,NA,NA,NA,NA,NA,NA,NA,NA,NA,NA,NA
128,856875325007.1564,673740931729.4271,183134393277.72888,4075,4635,127.99957536431651,74353,3536,4075,4635,0.3571428571428571,2.5,4.246356834727294e-4,1.88545,127.99957536431651,74353,3536,4075,4635,0.3571428571428571,2.5,4.246356834727294e-4,1.88545
128.5,427874149383.0402,252111450156.32883,175762699226.7116,4234,4828,NA,NA,NA,NA,NA,NA,NA,NA,NA,NA,NA,NA,NA,NA,NA,NA,NA,NA
129,620683925901.4567,339013773043.53217,281670152857.92505,4383,5019,128.99941226246952,73218,3731,4383,5019,0.3571428571428571,2.5,5.87737530480581e-4,1.858825,128.99941226246952,73218,3731,4383,5019,0.3571428571428571,2.5,5.87737530480581e-4,1.858825
129.5,519831804236.6042,329137517007.52124,190694287229.08258,4558,5219,NA,NA,NA,NA,NA,NA,NA,NA,NA,NA,NA,NA,NA,NA,NA,NA,NA,NA
130,656950365334.6327,425162630692.09766,231787734642.5372,4744,5380,129.99840292529868,72028,3917,4744,5380,0.3571428571428571,2.5,0.00159707470132275,1.83045,129.99840292529868,72028,3917,4744,5380,0.3571428571428571,2.5,0.00159707470132275,1.83045
130.5,492420733104.5797,323432991969.5173,168987741135.06235,4840,5639,NA,NA,NA,NA,NA,NA,NA,NA,NA,NA,NA,NA,NA,NA,NA,NA,NA,NA
131,657213142180.0709,442012057481.74347,215201084698.32648,5064,5829,130.9997154121736,70808,4094,5064,5829,0.3571428571428571,2.5,2.8458782639972924e-4,1.8007,130.9997154121736,70808,4094,5064,5829,0.3571428571428571,2.5,2.8458782639972924e-4,1.8007
131.5,827297750719.3397,316779466561.35944,510518284157.9789,5206,6003,NA,NA,NA,NA,NA,NA,NA,NA,NA,NA,NA,NA,NA,NA,NA,NA,NA,NA
132,803577898510.1172,502508050930.97156,301069847579.14325,5358,6196,131.99999188617,69539,4346,5358,6196,0.3571428571428571,2.5,8.113830006095668e-6,1.7702,131.99999188617,69539,4346,5358,6196,0.3571428571428571,2.5,8.113830006095668e-6,1.7702
132.5,730611597992.0582,436174749139.2745,294436848852.78186,5487,6395,NA,NA,NA,NA,NA,NA,NA,NA,NA,NA,NA,NA,NA,NA,NA,NA,NA,NA
133,640366792928.7438,425199669536.4047,215167123392.33688,5645,6595,132.9998619699343,68250,4552,5645,6595,0.3571428571428571,2.5,1.38030065699013e-4,1.738475,132.9998619699343,68250,4552,5645,6595,0.3571428571428571,2.5,1.38030065699013e-4,1.738475
133.5,757301375173.7618,450505327474.32794,306796047699.43256,5850,6811,NA,NA,NA,NA,NA,NA,NA,NA,NA,NA,NA,NA,NA,NA,NA,NA,NA,NA
134,846435202692.648,472482675557.21204,373952527135.4359,6018,7047,133.99969652401563,66819,4780,6018,7047,0.3571428571428571,2.5,3.0347598436719636e-4,1.70625,133.99969652401563,66819,4780,6018,7047,0.3571428571428571,2.5,3.0347598436719636e-4,1.70625
134.5,945093632884.7141,544830533880.0936,400263099004.62195,6240,7235,NA,NA,NA,NA,NA,NA,NA,NA,NA,NA,NA,NA,NA,NA,NA,NA,NA,NA
135,777787292593.745,420095531841.05743,357691760752.68964,6382,7490,134.99977478731472,65334,5040,6382,7490,0.3571428571428571,2.5,2.2521268527953e-4,1.670475,134.99977478731472,65334,5040,6382,7490,0.3571428571428571,2.5,2.2521268527953e-4,1.670475
135.5,821729901163.4263,504047069409.4275,317682831753.99835,6568,7726,NA,NA,NA,NA,NA,NA,NA,NA,NA,NA,NA,NA,NA,NA,NA,NA,NA,NA
136,828896234338.608,542658082613.87854,286238151724.733,6721,7978,135.99969446649715,63897,5191,6721,7978,0.3571428571428571,2.5,3.0553350285345005e-4,1.63335,135.99969446649715,63897,5191,6721,7978,0.3571428571428571,2.5,3.0553350285345005e-4,1.63335
136.5,744657036348.277,453955685176.152,290701351172.1215,6894,8223,NA,NA,NA,NA,NA,NA,NA,NA,NA,NA,NA,NA,NA,NA,NA,NA,NA,NA
137,690998425708.6458,416764775418.7962,274233650289.85336,7080,8481,136.9997843134193,62364,5388,7080,8481,0.3571428571428571,2.5,2.156865807023678e-4,1.597425,136.9997843134193,62364,5388,7080,8481,0.3571428571428571,2.5,2.156865807023678e-4,1.597425
137.5,849201238372.1155,474235196838.644,374966041533.4705,7253,8741,NA,NA,NA,NA,NA,NA,NA,NA,NA,NA,NA,NA,NA,NA,NA,NA,NA,NA
138,905971718524.9108,542375138515.83923,363596580009.0745,7457,9029,137.9998416140961,60651,5686,7457,9029,0.3571428571428571,2.5,1.583859038873925e-4,1.5591,137.9998416140961,60651,5686,7457,9029,0.3571428571428571,2.5,1.583859038873925e-4,1.5591
138.5,875112510382.1086,498623959107.9327,376488551274.1767,7641,9279,NA,NA,NA,NA,NA,NA,NA,NA,NA,NA,NA,NA,NA,NA,NA,NA,NA,NA
139,929134451050.3767,548949366983.8411,380185084066.53467,7820,9555,138.99983639662443,59013,5886,7820,9555,0.3571428571428571,2.5,1.6360337556875493e-4,1.516275,138.99983639662443,59013,5886,7820,9555,0.3571428571428571,2.5,1.6360337556875493e-4,1.516275
139.5,878095923261.5858,573044824464.2988,305051098797.2884,7994,9844,NA,NA,NA,NA,NA,NA,NA,NA,NA,NA,NA,NA,NA,NA,NA,NA,NA,NA
140,1160309017910.0408,800797000017.7794,359512017892.27026,8186,10118,139.9999522375049,57421,5998,8186,10118,0.3571428571428571,2.5,4.7762495086089984e-5,1.475325,139.9999522375049,57421,5998,8186,10118,0.3571428571428571,2.5,4.7762495086089984e-5,1.475325
140.5,1101334250861.8633,631291986731.7771,470042264130.0829,8410,10375,NA,NA,NA,NA,NA,NA,NA,NA,NA,NA,NA,NA,NA,NA,NA,NA,NA,NA
141,860012256638.7948,516524529355.2411,343487727283.5485,8566,10681,140.99965575677535,55714,6173,8566,10681,0.3571428571428571,2.5,3.442432246458793e-4,1.435525,140.99965575677535,55714,6173,8566,10681,0.3571428571428571,2.5,3.442432246458793e-4,1.435525
141.5,984462651947.8685,650663196133.0061,333799455814.85834,8661,11034,NA,NA,NA,NA,NA,NA,NA,NA,NA,NA,NA,NA,NA,NA,NA,NA,NA,NA
142,1060827915686.944,714606840922.7843,346221074764.16425,8875,11293,141.99996265968815,54040,6290,8875,11293,0.3571428571428571,2.5,3.734031184876585e-5,1.39285,141.99996265968815,54040,6290,8875,11293,0.3571428571428571,2.5,3.734031184876585e-5,1.39285
142.5,1075016336903.4244,725887464429.5638,349128872473.8575,9104,11578,NA,NA,NA,NA,NA,NA,NA,NA,NA,NA,NA,NA,NA,NA,NA,NA,NA,NA
143,1079743205358.5955,653692008896.5321,426051196462.0623,9266,11840,142.99983264170103,52329,6388,9266,11840,0.3571428571428571,2.5,1.673582989667466e-4,1.351,142.99983264170103,52329,6388,9266,11840,0.3571428571428571,2.5,1.673582989667466e-4,1.351
143.5,1619295564506.9546,1285960185961.5361,333335378545.4214,9358,12234,NA,NA,NA,NA,NA,NA,NA,NA,NA,NA,NA,NA,NA,NA,NA,NA,NA,NA
144,1165955891896.555,764207046322.8044,401748845573.74994,9493,12535,143.9999356708611,50618,6494,9493,12535,0.3571428571428571,2.5,6.432913889398151e-5,1.308225,143.9999356708611,50618,6494,9493,12535,0.3571428571428571,2.5,6.432913889398151e-5,1.308225
144.5,973448709781.1991,525437518160.4817,448011191620.7214,9631,12864,NA,NA,NA,NA,NA,NA,NA,NA,NA,NA,NA,NA,NA,NA,NA,NA,NA,NA
145,1014800454849.2214,611900543962.394,402899910886.82776,9751,13212,144.99995662827703,48957,6527,9751,13212,0.3571428571428571,2.5,4.337172296686731e-5,1.26545,144.99995662827703,48957,6527,9751,13212,0.3571428571428571,2.5,4.337172296686731e-5,1.26545
145.5,1292751762091.915,852866678519.68,439885083572.23663,9847,13548,NA,NA,NA,NA,NA,NA,NA,NA,NA,NA,NA,NA,NA,NA,NA,NA,NA,NA
146,1124630934226.1648,606044710342.8884,518586223883.285,9938,13923,145.9997754072485,47260,6585,9938,13923,0.3571428571428571,2.5,2.245927514650248e-4,1.223925,145.9997754072485,47260,6585,9938,13923,0.3571428571428571,2.5,2.245927514650248e-4,1.223925
146.5,1051462418954.7706,665195849588.1783,386266569366.58734,10055,14240,NA,NA,NA,NA,NA,NA,NA,NA,NA,NA,NA,NA,NA,NA,NA,NA,NA,NA
147,1126253337866.7268,697651638452.9734,428601699413.7567,10143,14530,146.9999164078359,45653,6571,10143,14530,0.3571428571428571,2.5,8.359216408848624e-5,1.1815,146.9999164078359,45653,6571,10143,14530,0.3571428571428571,2.5,8.359216408848624e-5,1.1815
147.5,1094643620989.8848,638961400153.5546,455682220836.3314,10249,14834,NA,NA,NA,NA,NA,NA,NA,NA,NA,NA,NA,NA,NA,NA,NA,NA,NA,NA
148,1249747131563.87,734639809966.923,515107321596.94385,10349,15105,147.99964571470815,43974,6639,10349,15105,0.3571428571428571,2.5,3.5428529184855506e-4,1.141325,147.99964571470815,43974,6639,10349,15105,0.3571428571428571,2.5,3.5428529184855506e-4,1.141325
148.5,1160046767552.1265,755523866590.6613,404522900961.4612,10430,15469,NA,NA,NA,NA,NA,NA,NA,NA,NA,NA,NA,NA,NA,NA,NA,NA,NA,NA
149,1090818551533.8986,644970809888.3896,445847741645.5125,10547,15725,148.99989044838674,42319,6621,10547,15725,0.3571428571428571,2.5,1.095516132636476e-4,1.09935,148.99989044838674,42319,6621,10547,15725,0.3571428571428571,2.5,1.095516132636476e-4,1.09935
149.5,1418939927712.4707,829400602108.2941,589539325604.1604,10568,16001,NA,NA,NA,NA,NA,NA,NA,NA,NA,NA,NA,NA,NA,NA,NA,NA,NA,NA
150,1204086239992.3508,854990186411.1172,349096053581.2385,10679,16300,149.99994536006187,40765,6549,10679,16300,0.3571428571428571,2.5,5.463993812782064e-5,1.057975,149.99994536006187,40765,6549,10679,16300,0.3571428571428571,2.5,5.463993812782064e-5,1.057975
150.5,1093242768449.6208,645994659070.9667,447248109378.64923,10754,16576,NA,NA,NA,NA,NA,NA,NA,NA,NA,NA,NA,NA,NA,NA,NA,NA,NA,NA
151,1272468282822.2175,843629674686.338,428838608135.88727,10795,16917,150.99978559023398,39183,6461,10795,16917,0.3571428571428571,2.5,2.1440976601638795e-4,1.019125,150.99978559023398,39183,6461,10795,16917,0.3571428571428571,2.5,2.1440976601638795e-4,1.019125
151.5,1395769081621.25,725610785828.8303,670158295792.426,10850,17246,NA,NA,NA,NA,NA,NA,NA,NA,NA,NA,NA,NA,NA,NA,NA,NA,NA,NA
152,1183208784073.4666,634874510106.0114,548334273967.4525,10829,17524,151.99989169822416,37717,6351,10829,17524,0.3571428571428571,2.5,1.0830177583898148e-4,0.979575,151.99989169822416,37717,6351,10829,17524,0.3571428571428571,2.5,1.0830177583898148e-4,0.979575
152.5,1176128068028.552,704618672787.1145,471509395241.4359,10861,17710,NA,NA,NA,NA,NA,NA,NA,NA,NA,NA,NA,NA,NA,NA,NA,NA,NA,NA
153,1283974111741.7952,749472243479.1907,534501868262.6146,10836,17967,152.99998206593943,36325,6260,10836,17967,0.3571428571428571,2.5,1.7934060565494292e-5,0.942925,152.99998206593943,36325,6260,10836,17967,0.3571428571428571,2.5,1.7934060565494292e-5,0.942925
153.5,1560954230466.4058,971321427072.8015,589632803393.6089,10867,18207,NA,NA,NA,NA,NA,NA,NA,NA,NA,NA,NA,NA,NA,NA,NA,NA,NA,NA
154,1432986731289.765,1045604367573.9707,387382363715.80457,10913,18479,153.99999103540426,34896,6127,10913,18479,0.3571428571428571,2.5,8.964595735960756e-6,0.908125,153.99999103540426,34896,6127,10913,18479,0.3571428571428571,2.5,8.964595735960756e-6,0.908125
154.5,1363264021828.9927,940455261618.55,422808760210.4395,10900,18726,NA,NA,NA,NA,NA,NA,NA,NA,NA,NA,NA,NA,NA,NA,NA,NA,NA,NA
155,1181054604159.1892,735625051652.635,445429552506.55334,10920,18966,154.99994189648578,33551,5941,10920,18966,0.3571428571428571,2.5,5.810351422042004e-5,0.8724,154.99994189648578,33551,5941,10920,18966,0.3571428571428571,2.5,5.810351422042004e-5,0.8724
155.5,1139451641339.0242,723511967240.3047,415939674098.7181,10923,19211,NA,NA,NA,NA,NA,NA,NA,NA,NA,NA,NA,NA,NA,NA,NA,NA,NA,NA
156,1243377108486.5015,797998298860.2502,445378809626.2517,10895,19466,155.99999651650563,32285,5675,10895,19466,0.3571428571428571,2.5,3.4834943676287367e-6,0.838775,155.99999651650563,32285,5675,10895,19466,0.3571428571428571,2.5,3.4834943676287367e-6,0.838775
156.5,1277824076394.6975,682508809078.0685,595315267316.6375,10795,19712,NA,NA,NA,NA,NA,NA,NA,NA,NA,NA,NA,NA,NA,NA,NA,NA,NA,NA
157,1374438009539.2092,830227649495.8226,544210360043.3936,10700,19919,156.99998583866014,31036,5543,10700,19919,0.3571428571428571,2.5,1.4161339862539537e-05,0.807125,156.99998583866014,31036,5543,10700,19919,0.3571428571428571,2.5,1.4161339862539537e-05,0.807125
157.5,982873389234.2484,534831532070.98303,448041857163.2596,10624,20142,NA,NA,NA,NA,NA,NA,NA,NA,NA,NA,NA,NA,NA,NA,NA,NA,NA,NA
158,1338574186146.436,906943332855.6693,431630853290.7635,10576,20307,157.9999319673058,29872,5296,10576,20307,0.3571428571428571,2.5,6.803269420174729e-5,0.7759,157.9999319673058,29872,5296,10576,20307,0.3571428571428571,2.5,6.803269420174729e-5,0.7759
158.5,1032806217507.4698,580967156846.8763,451839060660.6,10513,20497,NA,NA,NA,NA,NA,NA,NA,NA,NA,NA,NA,NA,NA,NA,NA,NA,NA,NA
159,1557129768762.5332,992781379055.9634,564348389706.5708,10409,20648,158.99994295074927,28754,5110,10409,20648,0.3571428571428571,2.5,5.7049250727914114e-5,0.7468,158.99994295074927,28754,5110,10409,20648,0.3571428571428571,2.5,5.7049250727914114e-5,0.7468
159.5,1196344355767.3254,731716910345.5961,464627445421.7291,10293,20813,NA,NA,NA,NA,NA,NA,NA,NA,NA,NA,NA,NA,NA,NA,NA,NA,NA,NA
160,1137676561640.6118,725982372821.0688,411694188819.5436,10200,20903,159.99999937682722,27736,4880,10200,20903,0.3571428571428571,2.5,6.231727809336007e-7,0.71885,159.99999937682722,27736,4880,10200,20903,0.3571428571428571,2.5,6.231727809336007e-7,0.71885
160.5,900130178730.1935,434455431433.82373,465674747296.3677,10132,20987,NA,NA,NA,NA,NA,NA,NA,NA,NA,NA,NA,NA,NA,NA,NA,NA,NA,NA
161,1164680500581.174,728032361571.8439,436648139009.32806,9986,21105,160.9995468512246,26752,4681,9986,21105,0.3571428571428571,2.5,4.531487753922647e-4,0.6934,160.9995468512246,26752,4681,9986,21105,0.3571428571428571,2.5,4.531487753922647e-4,0.6934
161.5,1229297387083.3618,723914798261.4054,505382588821.9534,9827,21227,NA,NA,NA,NA,NA,NA,NA,NA,NA,NA,NA,NA,NA,NA,NA,NA,NA,NA
162,1497659797459.1062,960298535158.7977,537361262300.3212,9644,21374,161.9996014672919,25850,4480,9644,21374,0.3571428571428571,2.5,3.985327080897605e-4,0.6688,161.9996014672919,25850,4480,9644,21374,0.3571428571428571,2.5,3.985327080897605e-4,0.6688
162.5,1476588517007.8452,1072470404971.2341,404118112036.5976,9540,21428,NA,NA,NA,NA,NA,NA,NA,NA,NA,NA,NA,NA,NA,NA,NA,NA,NA,NA
163,989675034191.6747,584633317588.4166,405041716603.26025,9403,21540,162.9998302414162,24919,4314,9403,21540,0.3571428571428571,2.5,1.6975858380874342e-4,0.64625,162.9998302414162,24919,4314,9403,21540,0.3571428571428571,2.5,1.6975858380874342e-4,0.64625
163.5,938430450379.973,594656430067.8729,343774020312.10034,9227,21618,NA,NA,NA,NA,NA,NA,NA,NA,NA,NA,NA,NA,NA,NA,NA,NA,NA,NA
164,938628118434.7465,517559049263.71643,421069069171.02686,9141,21626,163.99995557405728,24125,4050,9141,21626,0.3571428571428571,2.5,4.442594271836242e-5,0.622975,163.99995557405728,24125,4050,9141,21626,0.3571428571428571,2.5,4.442594271836242e-5,0.622975
164.5,1014701752138.072,688100481066.8346,326601271071.2388,8955,21721,NA,NA,NA,NA,NA,NA,NA,NA,NA,NA,NA,NA,NA,NA,NA,NA,NA,NA
165,1048443232034.8666,616763364714.7715,431679867320.0958,8831,21732,164.99989050676365,23425,3793,8831,21732,0.3571428571428571,2.5,1.0949323635145448e-4,0.603125,164.99989050676365,23425,3793,8831,21732,0.3571428571428571,2.5,1.0949323635145448e-4,0.603125
165.5,910669917143.1306,584355187549.082,326314729594.0483,8674,21730,NA,NA,NA,NA,NA,NA,NA,NA,NA,NA,NA,NA,NA,NA,NA,NA,NA,NA
166,856395332980.6173,562118410453.313,294276922527.302,8506,21719,165.99984853806828,22715,3599,8506,21719,0.3571428571428571,2.5,1.514619317219967e-4,0.585625,165.99984853806828,22715,3599,8506,21719,0.3571428571428571,2.5,1.514619317219967e-4,0.585625
166.5,801268395578.6521,435302498410.15515,365965897168.49493,8392,21717,NA,NA,NA,NA,NA,NA,NA,NA,NA,NA,NA,NA,NA,NA,NA,NA,NA,NA
167,1130420044048.0579,774879043165.901,355541000882.1556,8212,21680,166.9999106080659,22018,3421,8212,21680,0.3571428571428571,2.5,8.939193409673862e-5,0.567875,166.9999106080659,22018,3421,8212,21680,0.3571428571428571,2.5,8.939193409673862e-5,0.567875
167.5,1062943351356.8011,770761497178.2711,292181854178.52747,8050,21665,NA,NA,NA,NA,NA,NA,NA,NA,NA,NA,NA,NA,NA,NA,NA,NA,NA,NA
168,1189479765749.6033,557287663391.9517,632192102357.6577,7917,21612,167.9999613457542,21391,3210,7917,21612,0.3571428571428571,2.5,3.865424579885257e-5,0.55045,167.9999613457542,21391,3210,7917,21612,0.3571428571428571,2.5,3.865424579885257e-5,0.55045
168.5,1001951378043.1317,649370625982.131,352580752061.0002,7740,21575,NA,NA,NA,NA,NA,NA,NA,NA,NA,NA,NA,NA,NA,NA,NA,NA,NA,NA
169,625504842014.6259,382099363240.94794,243405478773.68066,7600,21526,168.99994919683738,20772,3047,7600,21526,0.3571428571428571,2.5,5.080316262251472e-5,0.534775,168.99994919683738,20772,3047,7600,21526,0.3571428571428571,2.5,5.080316262251472e-5,0.534775
169.5,641922796360.5092,385245333629.6094,256677462730.90286,7437,21443,NA,NA,NA,NA,NA,NA,NA,NA,NA,NA,NA,NA,NA,NA,NA,NA,NA,NA
170,1070144453860.1615,653921715522.5988,416222738337.5631,7294,21358,169.99995724631293,20232,2850,7294,21358,0.3571428571428571,2.5,4.275368706885274e-5,0.5193,169.99995724631293,20232,2850,7294,21358,0.3571428571428571,2.5,4.275368706885274e-5,0.5193
170.5,714966225581.8414,389375101011.35767,325591124570.4873,7112,21280,NA,NA,NA,NA,NA,NA,NA,NA,NA,NA,NA,NA,NA,NA,NA,NA,NA,NA
171,609297444651.9662,325612833178.6728,283684611473.29156,6939,21189,170.99966929744593,19704,2685,6939,21189,0.3571428571428571,2.5,3.307025540664199e-4,0.5058,170.99966929744593,19704,2685,6939,21189,0.3571428571428571,2.5,3.307025540664199e-4,0.5058
171.5,574359799391.6213,370184233502.25946,204175565889.3594,6771,21068,NA,NA,NA,NA,NA,NA,NA,NA,NA,NA,NA,NA,NA,NA,NA,NA,NA,NA
172,546841397727.71173,313252819373.5613,233588578354.15067,6615,20932,171.99973614296866,19262,2477,6615,20932,0.3571428571428571,2.5,2.638570313422406e-4,0.4926,171.99973614296866,19262,2477,6615,20932,0.3571428571428571,2.5,2.638570313422406e-4,0.4926
172.5,589535957735.0531,358944914824.20056,230591042910.85297,6505,20782,NA,NA,NA,NA,NA,NA,NA,NA,NA,NA,NA,NA,NA,NA,NA,NA,NA,NA
173,595130911259.0795,391595333797.72906,203535577461.35236,6386,20598,172.9996739765608,18824,2287,6386,20598,0.3571428571428571,2.5,3.26023439185974e-4,0.48155,172.9996739765608,18824,2287,6386,20598,0.3571428571428571,2.5,3.26023439185974e-4,0.48155
173.5,543773365722.90796,321501872599.32935,222271493123.57904,6173,20523,NA,NA,NA,NA,NA,NA,NA,NA,NA,NA,NA,NA,NA,NA,NA,NA,NA,NA
174,486478619603.48566,262011404581.8284,224467215021.65866,6026,20391,173.99925287963922,18443,2124,6026,20391,0.3571428571428571,2.5,7.471203607849475e-4,0.4706,173.99925287963922,18443,2124,6026,20391,0.3571428571428571,2.5,7.471203607849475e-4,0.4706
174.5,465112937352.41455,284780004980.47235,180332932371.94202,5863,20240,NA,NA,NA,NA,NA,NA,NA,NA,NA,NA,NA,NA,NA,NA,NA,NA,NA,NA
175,511898910746.4978,297073150130.5787,214825760615.91946,5701,20067,174.99996063854516,18039,2029,5701,20067,0.3571428571428571,2.5,3.936145483862674e-5,0.461075,174.99996063854516,18039,2029,5701,20067,0.3571428571428571,2.5,3.936145483862674e-5,0.461075
175.5,505927326148.5645,224645955450.7717,281281370697.7943,5535,19907,NA,NA,NA,NA,NA,NA,NA,NA,NA,NA,NA,NA,NA,NA,NA,NA,NA,NA
176,515822612487.1999,335142754925.87897,180679857561.3217,5403,19719,175.9977721317151,17706,1864,5403,19719,0.3571428571428571,2.5,0.00222786828490484,0.450975,175.9977721317151,17706,1864,5403,19719,0.3571428571428571,2.5,0.00222786828490484,0.450975
176.5,656808039106.6666,394043662325.177,262764376781.49255,5229,19604,NA,NA,NA,NA,NA,NA,NA,NA,NA,NA,NA,NA,NA,NA,NA,NA,NA,NA
177,381242481938.3434,221128187525.12207,160114294413.22076,5102,19420,176.9995706451584,17388,1739,5102,19420,0.3571428571428571,2.5,4.2935484160011583e-4,0.44265,176.9995706451584,17388,1739,5102,19420,0.3571428571428571,2.5,4.2935484160011583e-4,0.44265
177.5,460134080195.3004,219896213977.33658,240237866217.96487,4996,19208,NA,NA,NA,NA,NA,NA,NA,NA,NA,NA,NA,NA,NA,NA,NA,NA,NA,NA
178,375675616253.6057,206659690328.65585,169015925924.95007,4877,18958,177.9999063119449,17084,1602,4877,18958,0.3571428571428571,2.5,9.36880551023478e-5,0.4347,177.9999063119449,17084,1602,4877,18958,0.3571428571428571,2.5,9.36880551023478e-5,0.4347
178.5,390687486706.7373,210833069535.785,179854417170.953,4752,18798,NA,NA,NA,NA,NA,NA,NA,NA,NA,NA,NA,NA,NA,NA,NA,NA,NA,NA
179,393747571786.4152,254356666041.1192,139390905745.29593,4586,18659,178.99970558972413,16799,1494,4586,18659,0.3571428571428571,2.5,2.944102758704048e-4,0.4271,178.99970558972413,16799,1494,4586,18659,0.3571428571428571,2.5,2.944102758704048e-4,0.4271
179.5,356187465607.5645,244157303250.98013,112030162356.585,4453,18468,NA,NA,NA,NA,NA,NA,NA,NA,NA,NA,NA,NA,NA,NA,NA,NA,NA,NA
180,312728773042.46515,199711428728.91916,113017344313.546,4320,18272,179.99998026800196,16513,1416,4320,18272,0.3571428571428571,2.5,1.973199803728676e-5,0.419975,179.99998026800196,16513,1416,4320,18272,0.3571428571428571,2.5,1.973199803728676e-5,0.419975
180.5,320811835649.27686,176440239633.32812,144371596015.94843,4208,18081,NA,NA,NA,NA,NA,NA,NA,NA,NA,NA,NA,NA,NA,NA,NA,NA,NA,NA
181,362626959539.7943,159413938825.3214,203213020714.47314,4067,17894,180.9992103166723,16278,1306,4067,17894,0.3571428571428571,2.5,7.896833276959114e-4,0.412825,180.9992103166723,16278,1306,4067,17894,0.3571428571428571,2.5,7.896833276959114e-4,0.412825
181.5,230216058842.9142,137324572203.48341,92891486639.43167,3925,17658,NA,NA,NA,NA,NA,NA,NA,NA,NA,NA,NA,NA,NA,NA,NA,NA,NA,NA
182,289124963605.19946,160194717932.4174,128930245672.78192,3812,17457,181.9994047356104,16043,1237,3812,17457,0.3571428571428571,2.5,5.952643896023346e-4,0.40695,181.9994047356104,16043,1237,3812,17457,0.3571428571428571,2.5,5.952643896023346e-4,0.40695
182.5,230544824794.993,130796737381.8229,99748087413.16971,3703,17252,NA,NA,NA,NA,NA,NA,NA,NA,NA,NA,NA,NA,NA,NA,NA,NA,NA,NA
183,220127233405.93716,104042677397.7037,116084556008.23334,3615,17040,182.99976273307269,15813,1180,3615,17040,0.3571428571428571,2.5,2.3726692731429464e-4,0.401075,182.99976273307269,15813,1180,3615,17040,0.3571428571428571,2.5,2.3726692731429464e-4,0.401075
183.5,324137438664.50867,149093666930.93958,175043771733.5687,3515,16847,NA,NA,NA,NA,NA,NA,NA,NA,NA,NA,NA,NA,NA,NA,NA,NA,NA,NA
184,247719598964.89758,150182124016.0334,97537474948.8641,3404,16642,183.99931071799037,15635,1041,3404,16642,0.3571428571428571,2.5,6.892820096311425e-4,0.395325,183.99931071799037,15635,1041,3404,16642,0.3571428571428571,2.5,6.892820096311425e-4,0.395325
184.5,252373118336.69345,149186127978.166,103186990358.52676,3315,16375,NA,NA,NA,NA,NA,NA,NA,NA,NA,NA,NA,NA,NA,NA,NA,NA,NA,NA
185,219266741300.99728,145062245301.46875,74204495999.52888,3208,16166,184.99952747333847,15444,983,3208,16166,0.3571428571428571,2.5,4.725266615253077e-4,0.390875,184.99952747333847,15444,983,3208,16166,0.3571428571428571,2.5,4.725266615253077e-4,0.390875
185.5,272245878014.2607,172413835392.39874,99832042621.86188,3092,15950,NA,NA,NA,NA,NA,NA,NA,NA,NA,NA,NA,NA,NA,NA,NA,NA,NA,NA
186,265708162356.77283,177065624204.19006,88642538152.58286,2994,15709,185.99926759398403,15287,915,2994,15709,0.3571428571428571,2.5,7.324060159703549e-4,0.3861,185.99926759398403,15287,915,2994,15709,0.3571428571428571,2.5,7.324060159703549e-4,0.3861
186.5,221713665598.92932,144363476627.14392,77350188971.78523,2898,15494,NA,NA,NA,NA,NA,NA,NA,NA,NA,NA,NA,NA,NA,NA,NA,NA,NA,NA
187,313727692988.3923,223193544908.11057,90534148080.28163,2799,15284,186.99946640744696,15110,849,2799,15284,0.3571428571428571,2.5,5.335925530403074e-4,0.382175,186.99946640744696,15110,849,2799,15284,0.3571428571428571,2.5,5.335925530403074e-4,0.382175
187.5,251328526393.24188,143027908080.0368,108300618313.20459,2684,15101,NA,NA,NA,NA,NA,NA,NA,NA,NA,NA,NA,NA,NA,NA,NA,NA,NA,NA
188,176322883282.1902,109886121724.26962,66436761557.92076,2590,14879,187.99910954105275,14979,782,2590,14879,0.3571428571428571,2.5,8.904589472535918e-4,0.37775,187.99910954105275,14979,782,2590,14879,0.3571428571428571,2.5,8.904589472535918e-4,0.37775
188.5,242249648339.1865,162953977499.56503,79295670839.62138,2507,14700,NA,NA,NA,NA,NA,NA,NA,NA,NA,NA,NA,NA,NA,NA,NA,NA,NA,NA
189,171184620725.74213,108810023308.34314,62374597417.39928,2440,14462,188.99966220167573,14845,708,2440,14462,0.3571428571428571,2.5,3.3779832426716894e-4,0.374475,188.99966220167573,14845,708,2440,14462,0.3571428571428571,2.5,3.3779832426716894e-4,0.374475
189.5,223005622323.75323,115097370068.92162,107908252254.83151,2389,14260,NA,NA,NA,NA,NA,NA,NA,NA,NA,NA,NA,NA,NA,NA,NA,NA,NA,NA
190,382191021498.83484,277757701600.4907,104433319898.344,2294,14053,189.9998647613631,14725,645,2294,14053,0.3571428571428571,2.5,1.3523863688646998e-4,0.371125,189.9998647613631,14725,645,2294,14053,0.3571428571428571,2.5,1.3523863688646998e-4,0.371125
190.5,164751042064.02948,111862040710.01762,52889001354.012405,2205,13824,NA,NA,NA,NA,NA,NA,NA,NA,NA,NA,NA,NA,NA,NA,NA,NA,NA,NA
191,237048573549.16385,170067949713.41876,66980623835.74507,2135,13611,190.99938392013203,14619,581,2135,13611,0.3571428571428571,2.5,6.160798679673007e-4,0.368125,190.99938392013203,14619,581,2135,13611,0.3571428571428571,2.5,6.160798679673007e-4,0.368125
191.5,144381591072.01285,69564924964.46039,74816666107.55203,2064,13370,NA,NA,NA,NA,NA,NA,NA,NA,NA,NA,NA,NA,NA,NA,NA,NA,NA,NA
192,914702691464.7854,862335800349.1226,52366891115.66308,1995,13142,191.99810112200163,14499,555,1995,13142,0.3571428571428571,2.5,0.00189887799837151,0.365475,191.99810112200163,14499,555,1995,13142,0.3571428571428571,2.5,0.00189887799837151,0.365475
192.5,125694226307.30629,77702801508.00278,47991424799.30332,1922,12921,NA,NA,NA,NA,NA,NA,NA,NA,NA,NA,NA,NA,NA,NA,NA,NA,NA,NA
193,363744149712.16583,80479005533.20071,283265144178.96643,1857,12680,192.9995009944568,14402,526,1857,12680,0.3571428571428571,2.5,4.990055432188001e-4,0.362475,192.9995009944568,14402,526,1857,12680,0.3571428571428571,2.5,4.990055432188001e-4,0.362475
193.5,178465994118.66052,90549047047.7475,87916947070.91293,1823,12470,NA,NA,NA,NA,NA,NA,NA,NA,NA,NA,NA,NA,NA,NA,NA,NA,NA,NA
194,304881536556.8802,160763112114.089,144118424442.79102,1752,12245,193.9989577623977,14296,496,1752,12245,0.3571428571428571,2.5,0.0010422376022916,0.36005,193.9989577623977,14296,496,1752,12245,0.3571428571428571,2.5,0.0010422376022916,0.36005
194.5,111049810473.20909,80293832066.72046,30755978406.488266,1695,12031,NA,NA,NA,NA,NA,NA,NA,NA,NA,NA,NA,NA,NA,NA,NA,NA,NA,NA
195,98177942421.40662,43931429260.559235,54246513160.84743,1620,11851,194.99889269090264,14206,472,1620,11851,0.3571428571428571,2.5,0.00110730909736389,0.3574,194.99889269090264,14206,472,1620,11851,0.3571428571428571,2.5,0.00110730909736389,0.3574
195.5,118985288362.71968,73279790409.58827,45705497953.13151,1568,11642,NA,NA,NA,NA,NA,NA,NA,NA,NA,NA,NA,NA,NA,NA,NA,NA,NA,NA
196,99123375353.96962,73087032451.27516,26036342902.694263,1516,11445,195.99977598895157,14126,426,1516,11445,0.3571428571428571,2.5,2.2401104843083883e-4,0.35515,195.99977598895157,14126,426,1516,11445,0.3571428571428571,2.5,2.2401104843083883e-4,0.35515
196.5,87311115389.82814,53670526739.638016,33640588650.189846,1458,11224,NA,NA,NA,NA,NA,NA,NA,NA,NA,NA,NA,NA,NA,NA,NA,NA,NA,NA
197,57924794666.47583,29842164034.23287,28082630632.24288,1400,11030,196.9993292711951,14056,392,1400,11030,0.3571428571428571,2.5,6.707288048630744e-4,0.35315,196.9993292711951,14056,392,1400,11030,0.3571428571428571,2.5,6.707288048630744e-4,0.35315
197.5,82285857272.6346,49854516161.59006,32431341111.044365,1367,10794,NA,NA,NA,NA,NA,NA,NA,NA,NA,NA,NA,NA,NA,NA,NA,NA,NA,NA
198,74079973929.77841,35675734539.82471,38404239389.953705,1337,10592,197.99828597748933,13967,373,1337,10592,0.3571428571428571,2.5,0.00171402251066865,0.3514,197.99828597748933,13967,373,1337,10592,0.3571428571428571,2.5,0.00171402251066865,0.3514
198.5,67374971444.041664,40511856642.29603,26863114801.745724,1286,10365,NA,NA,NA,NA,NA,NA,NA,NA,NA,NA,NA,NA,NA,NA,NA,NA,NA,NA
199,86237820932.96692,45754064644.00376,40483756288.96323,1233,10166,198.99848320495775,13906,344,1233,10166,0.3571428571428571,2.5,0.00151679504224944,0.349175,198.99848320495775,13906,344,1233,10166,0.3571428571428571,2.5,0.00151679504224944,0.349175
199.5,78276502901.05942,32869973155.409954,45406529745.64953,1179,9950,NA,NA,NA,NA,NA,NA,NA,NA,NA,NA,NA,NA,NA,NA,NA,NA,NA,NA
200,75464257950.91359,29635413825.782623,45828844125.13094,1138,9764,199.9997031417035,13844,333,1138,9764,0.3571428571428571,2.5,2.968582965081623e-4,0.34765,199.9997031417035,13844,333,1138,9764,0.3571428571428571,2.5,2.968582965081623e-4,0.34765
200.5,144338494888.97797,100109003410.67316,44229491478.30504,1114,9560,NA,NA,NA,NA,NA,NA,NA,NA,NA,NA,NA,NA,NA,NA,NA,NA,NA,NA
201,62171392302.65818,44660256513.5699,17511135789.088295,1087,9377,200.99350992844904,13777,317,1087,9377,0.3571428571428571,2.5,0.0064900715509566,0.3461,200.99350992844904,13777,317,1087,9377,0.3571428571428571,2.5,0.0064900715509566,0.3461
201.5,67793566361.5473,36819905071.130135,30973661290.417168,1025,9153,NA,NA,NA,NA,NA,NA,NA,NA,NA,NA,NA,NA,NA,NA,NA,NA,NA,NA
202,42981998392.088715,20924040573.665085,22057957818.42368,1010,8953,201.9998496905368,13723,310,1010,8953,0.3571428571428571,2.5,1.50309463180065e-4,0.344425,201.9998496905368,13723,310,1010,8953,0.3571428571428571,2.5,1.50309463180065e-4,0.344425
202.5,93152354315.70703,60087140792.080536,33065213523.62649,983,8762,NA,NA,NA,NA,NA,NA,NA,NA,NA,NA,NA,NA,NA,NA,NA,NA,NA,NA
203,66542438453.321884,33238335668.18257,33304102785.13921,952,8579,202.9937116745553,13678,284,952,8579,0.3571428571428571,2.5,0.00628832544470014,0.343075,202.9937116745553,13678,284,952,8579,0.3571428571428571,2.5,0.00628832544470014,0.343075
203.5,59136436199.58542,41765722911.22261,17370713288.362843,914,8411,NA,NA,NA,NA,NA,NA,NA,NA,NA,NA,NA,NA,NA,NA,NA,NA,NA,NA
204,53748595260.90928,35111855241.124596,18636740019.784637,883,8234,203.99553134782997,13643,272,883,8234,0.3571428571428571,2.5,0.00446865217003278,0.34195,203.99553134782997,13643,272,883,8234,0.3571428571428571,2.5,0.00446865217003278,0.34195
204.5,67749015730.46481,46887928207.48221,20861087522.982536,852,8087,NA,NA,NA,NA,NA,NA,NA,NA,NA,NA,NA,NA,NA,NA,NA,NA,NA,NA
205,42959056358.395935,27238080734.94566,15720975623.450298,829,7917,204.999902329247,13607,245,829,7917,0.3571428571428571,2.5,9.767075300715078e-5,0.341075,204.999902329247,13607,245,829,7917,0.3571428571428571,2.5,9.767075300715078e-5,0.341075
205.5,52921891697.52302,16393787223.828354,36528104473.69464,787,7766,NA,NA,NA,NA,NA,NA,NA,NA,NA,NA,NA,NA,NA,NA,NA,NA,NA,NA
206,50668003174.05396,31771048910.61212,18896954263.441864,759,7599,205.9997552000712,13565,231,759,7599,0.3571428571428571,2.5,2.447999287937819e-4,0.340175,205.9997552000712,13565,231,759,7599,0.3571428571428571,2.5,2.447999287937819e-4,0.340175
206.5,42610453112.658554,25793265412.14972,16817187700.508827,741,7424,NA,NA,NA,NA,NA,NA,NA,NA,NA,NA,NA,NA,NA,NA,NA,NA,NA,NA
207,44940963955.66727,21222155803.879555,23718808151.78775,713,7252,206.99732430823687,13534,210,713,7252,0.3571428571428571,2.5,0.00267569176313031,0.339125,206.99732430823687,13534,210,713,7252,0.3571428571428571,2.5,0.00267569176313031,0.339125
207.5,30521231326.575996,12641105561.03985,17880125765.536156,691,7116,NA,NA,NA,NA,NA,NA,NA,NA,NA,NA,NA,NA,NA,NA,NA,NA,NA,NA
208,24262759318.207363,12798675958.8601,11464083359.34726,678,6951,207.99768630834043,13505,186,678,6951,0.3571428571428571,2.5,0.00231369165956607,0.33835,207.99768630834043,13505,186,678,6951,0.3571428571428571,2.5,0.00231369165956607,0.33835
208.5,33251378261.410255,21932840533.6982,11318537727.712069,674,6805,NA,NA,NA,NA,NA,NA,NA,NA,NA,NA,NA,NA,NA,NA,NA,NA,NA,NA
209,24703285840.594913,12179955379.648397,12523330460.946537,649,6663,208.9915561262661,13470,169,649,6663,0.3571428571428571,2.5,0.00844387373393829,0.337625,208.9915561262661,13470,169,649,6663,0.3571428571428571,2.5,0.00844387373393829,0.337625
209.5,30481816165.95062,18608378276.7587,11873437889.19192,620,6525,NA,NA,NA,NA,NA,NA,NA,NA,NA,NA,NA,NA,NA,NA,NA,NA,NA,NA
210,28212523452.42546,12660727289.255775,15551796163.169691,589,6399,209.99810343475437,13445,161,589,6399,0.3571428571428571,2.5,0.00189656524563019,0.33675,209.99810343475437,13445,161,589,6399,0.3571428571428571,2.5,0.00189656524563019,0.33675
