seed,week,total_cases,total_E2I,num_days,new_week
1,0,84,430,7,1
1,1,85,415,7,2
1,2,98,541,7,3
1,3,165,820,7,4
1,4,266,1323,7,5
1,5,558,2502,7,6
1,6,833,4226,7,7
1,7,1366,6649,7,8
1,8,1706,9383,7,9
1,9,2287,11195,7,10
1,10,2160,11201,7,11
1,11,1913,9590,7,12
1,12,1229,6832,7,13
1,13,878,4533,7,14
1,14,552,2788,7,15
1,15,355,1727,7,16
1,16,199,1001,7,17
1,17,117,590,7,18
1,18,80,356,7,19
2,0,75,430,7,1
2,1,108,415,7,2
2,2,115,541,7,3
2,3,145,820,7,4
2,4,268,1323,7,5
2,5,510,2502,7,6
2,6,901,4226,7,7
2,7,1178,6649,7,8
2,8,2112,9383,7,9
2,9,2151,11195,7,10
2,10,2212,11201,7,11
2,11,1780,9590,7,12
2,12,1338,6832,7,13
2,13,882,4533,7,14
2,14,590,2788,7,15
2,15,338,1727,7,16
2,16,199,1001,7,17
2,17,90,590,7,18
2,18,77,356,7,19
3,0,84,430,7,1
3,1,73,415,7,2
3,2,104,541,7,3
3,3,164,820,7,4
3,4,254,1323,7,5
3,5,469,2502,7,6
3,6,825,4226,7,7
3,7,1265,6649,7,8
3,8,2038,9383,7,9
3,9,2462,11195,7,10
3,10,2121,11201,7,11
3,11,2020,9590,7,12
3,12,1485,6832,7,13
3,13,877,4533,7,14
3,14,613,2788,7,15
3,15,328,1727,7,16
3,16,199,1001,7,17
3,17,133,590,7,18
3,18,64,356,7,19
4,0,90,430,7,1
4,1,92,415,7,2
4,2,102,541,7,3
4,3,163,820,7,4
4,4,249,1323,7,5
4,5,520,2502,7,6
4,6,831,4226,7,7
4,7,1416,6649,7,8
4,8,1928,9383,7,9
4,9,2185,11195,7,10
4,10,2257,11201,7,11
4,11,2050,9590,7,12
4,12,1428,6832,7,13
4,13,854,4533,7,14
4,14,498,2788,7,15
4,15,360,1727,7,16
4,16,218,1001,7,17
4,17,118,590,7,18
4,18,67,356,7,19
5,0,89,430,7,1
5,1,111,415,7,2
5,2,100,541,7,3
5,3,140,820,7,4
5,4,264,1323,7,5
5,5,476,2502,7,6
5,6,787,4226,7,7
5,7,1212,6649,7,8
5,8,1781,9383,7,9
5,9,2296,11195,7,10
5,10,2395,11201,7,11
5,11,1904,9590,7,12
5,12,1427,6832,7,13
5,13,887,4533,7,14
5,14,588,2788,7,15
5,15,366,1727,7,16
5,16,200,1001,7,17
5,17,111,590,7,18
5,18,48,356,7,19
6,0,85,430,7,1
6,1,98,415,7,2
6,2,115,541,7,3
6,3,143,820,7,4
6,4,255,1323,7,5
6,5,424,2502,7,6
6,6,909,4226,7,7
6,7,1414,6649,7,8
6,8,1897,9383,7,9
6,9,2128,11195,7,10
6,10,2297,11201,7,11
6,11,1921,9590,7,12
6,12,1320,6832,7,13
6,13,865,4533,7,14
6,14,554,2788,7,15
6,15,347,1727,7,16
6,16,204,1001,7,17
6,17,99,590,7,18
6,18,63,356,7,19
7,0,116,430,7,1
7,1,85,415,7,2
7,2,110,541,7,3
7,3,177,820,7,4
7,4,306,1323,7,5
7,5,537,2502,7,6
7,6,835,4226,7,7
7,7,1392,6649,7,8
7,8,1913,9383,7,9
7,9,2263,11195,7,10
7,10,2356,11201,7,11
7,11,1847,9590,7,12
7,12,1345,6832,7,13
7,13,766,4533,7,14
7,14,519,2788,7,15
7,15,364,1727,7,16
7,16,224,1001,7,17
7,17,129,590,7,18
7,18,67,356,7,19
8,0,87,430,7,1
8,1,92,415,7,2
8,2,108,541,7,3
8,3,167,820,7,4
8,4,266,1323,7,5
8,5,540,2502,7,6
8,6,882,4226,7,7
8,7,1421,6649,7,8
8,8,1805,9383,7,9
8,9,2275,11195,7,10
8,10,2512,11201,7,11
8,11,1799,9590,7,12
8,12,1442,6832,7,13
8,13,957,4533,7,14
8,14,528,2788,7,15
8,15,317,1727,7,16
8,16,213,1001,7,17
8,17,117,590,7,18
8,18,81,356,7,19
9,0,100,430,7,1
9,1,90,415,7,2
9,2,89,541,7,3
9,3,147,820,7,4
9,4,302,1323,7,5
9,5,511,2502,7,6
9,6,844,4226,7,7
9,7,1422,6649,7,8
9,8,1653,9383,7,9
9,9,2308,11195,7,10
9,10,2274,11201,7,11
9,11,1973,9590,7,12
9,12,1295,6832,7,13
9,13,854,4533,7,14
9,14,521,2788,7,15
9,15,342,1727,7,16
9,16,181,1001,7,17
9,17,129,590,7,18
9,18,83,356,7,19
10,0,84,430,7,1
10,1,77,415,7,2
10,2,116,541,7,3
10,3,181,820,7,4
10,4,255,1323,7,5
10,5,491,2502,7,6
10,6,954,4226,7,7
10,7,1334,6649,7,8
10,8,2062,9383,7,9
10,9,2098,11195,7,10
10,10,2427,11201,7,11
10,11,1936,9590,7,12
10,12,1380,6832,7,13
10,13,918,4533,7,14
10,14,567,2788,7,15
10,15,427,1727,7,16
10,16,187,1001,7,17
10,17,128,590,7,18
10,18,84,356,7,19
11,0,65,430,7,1
11,1,71,415,7,2
11,2,87,541,7,3
11,3,169,820,7,4
11,4,232,1323,7,5
11,5,528,2502,7,6
11,6,943,4226,7,7
11,7,1341,6649,7,8
11,8,1905,9383,7,9
11,9,2045,11195,7,10
11,10,2129,11201,7,11
11,11,1990,9590,7,12
11,12,1330,6832,7,13
11,13,953,4533,7,14
11,14,589,2788,7,15
11,15,323,1727,7,16
11,16,207,1001,7,17
11,17,132,590,7,18
11,18,75,356,7,19
12,0,75,430,7,1
12,1,90,415,7,2
12,2,108,541,7,3
12,3,186,820,7,4
12,4,249,1323,7,5
12,5,522,2502,7,6
12,6,784,4226,7,7
12,7,1214,6649,7,8
12,8,1739,9383,7,9
12,9,2255,11195,7,10
12,10,2056,11201,7,11
12,11,2035,9590,7,12
12,12,1425,6832,7,13
12,13,888,4533,7,14
12,14,564,2788,7,15
12,15,321,1727,7,16
12,16,221,1001,7,17
12,17,127,590,7,18
12,18,77,356,7,19
13,0,94,430,7,1
13,1,87,415,7,2
13,2,120,541,7,3
13,3,150,820,7,4
13,4,311,1323,7,5
13,5,575,2502,7,6
13,6,809,4226,7,7
13,7,1306,6649,7,8
13,8,1775,9383,7,9
13,9,2632,11195,7,10
13,10,1854,11201,7,11
13,11,1863,9590,7,12
13,12,1412,6832,7,13
13,13,908,4533,7,14
13,14,562,2788,7,15
13,15,375,1727,7,16
13,16,182,1001,7,17
13,17,135,590,7,18
13,18,81,356,7,19
14,0,95,430,7,1
14,1,84,415,7,2
14,2,91,541,7,3
14,3,150,820,7,4
14,4,257,1323,7,5
14,5,490,2502,7,6
14,6,799,4226,7,7
14,7,1296,6649,7,8
14,8,1773,9383,7,9
14,9,2397,11195,7,10
14,10,2337,11201,7,11
14,11,1812,9590,7,12
14,12,1338,6832,7,13
14,13,970,4533,7,14
14,14,535,2788,7,15
14,15,303,1727,7,16
14,16,186,1001,7,17
14,17,91,590,7,18
14,18,66,356,7,19
15,0,91,430,7,1
15,1,70,415,7,2
15,2,137,541,7,3
15,3,161,820,7,4
15,4,319,1323,7,5
15,5,534,2502,7,6
15,6,821,4226,7,7
15,7,1371,6649,7,8
15,8,1921,9383,7,9
15,9,2045,11195,7,10
15,10,2409,11201,7,11
15,11,1774,9590,7,12
15,12,1439,6832,7,13
15,13,830,4533,7,14
15,14,624,2788,7,15
15,15,364,1727,7,16
15,16,167,1001,7,17
15,17,108,590,7,18
15,18,63,356,7,19
16,0,86,430,7,1
16,1,93,415,7,2
16,2,110,541,7,3
16,3,177,820,7,4
16,4,260,1323,7,5
16,5,483,2502,7,6
16,6,821,4226,7,7
16,7,1399,6649,7,8
16,8,1821,9383,7,9
16,9,2409,11195,7,10
16,10,2416,11201,7,11
16,11,1917,9590,7,12
16,12,1437,6832,7,13
16,13,830,4533,7,14
16,14,553,2788,7,15
16,15,339,1727,7,16
16,16,210,1001,7,17
16,17,131,590,7,18
16,18,57,356,7,19
17,0,93,430,7,1
17,1,78,415,7,2
17,2,127,541,7,3
17,3,163,820,7,4
17,4,295,1323,7,5
17,5,484,2502,7,6
17,6,762,4226,7,7
17,7,1387,6649,7,8
17,8,1856,9383,7,9
17,9,2260,11195,7,10
17,10,2172,11201,7,11
17,11,1887,9590,7,12
17,12,1444,6832,7,13
17,13,859,4533,7,14
17,14,564,2788,7,15
17,15,358,1727,7,16
17,16,218,1001,7,17
17,17,115,590,7,18
17,18,61,356,7,19
18,0,93,430,7,1
18,1,80,415,7,2
18,2,122,541,7,3
18,3,167,820,7,4
18,4,262,1323,7,5
18,5,558,2502,7,6
18,6,925,4226,7,7
18,7,1238,6649,7,8
18,8,1665,9383,7,9
18,9,2113,11195,7,10
18,10,2322,11201,7,11
18,11,1762,9590,7,12
18,12,1220,6832,7,13
18,13,882,4533,7,14
18,14,518,2788,7,15
18,15,346,1727,7,16
18,16,235,1001,7,17
18,17,94,590,7,18
18,18,85,356,7,19
19,0,97,430,7,1
19,1,80,415,7,2
19,2,120,541,7,3
19,3,169,820,7,4
19,4,215,1323,7,5
19,5,583,2502,7,6
19,6,845,4226,7,7
19,7,1331,6649,7,8
19,8,1913,9383,7,9
19,9,2255,11195,7,10
19,10,2132,11201,7,11
19,11,1851,9590,7,12
19,12,1392,6832,7,13
19,13,913,4533,7,14
19,14,557,2788,7,15
19,15,384,1727,7,16
19,16,201,1001,7,17
19,17,132,590,7,18
19,18,80,356,7,19
20,0,85,430,7,1
20,1,107,415,7,2
20,2,123,541,7,3
20,3,148,820,7,4
20,4,252,1323,7,5
20,5,525,2502,7,6
20,6,829,4226,7,7
20,7,1200,6649,7,8
20,8,1990,9383,7,9
20,9,2378,11195,7,10
20,10,2441,11201,7,11
20,11,1984,9590,7,12
20,12,1372,6832,7,13
20,13,938,4533,7,14
20,14,548,2788,7,15
20,15,330,1727,7,16
20,16,248,1001,7,17
20,17,123,590,7,18
20,18,81,356,7,19
21,0,108,430,7,1
21,1,91,415,7,2
21,2,120,541,7,3
21,3,174,820,7,4
21,4,252,1323,7,5
21,5,440,2502,7,6
21,6,857,4226,7,7
21,7,1341,6649,7,8
21,8,1774,9383,7,9
21,9,2146,11195,7,10
21,10,2257,11201,7,11
21,11,1946,9590,7,12
21,12,1496,6832,7,13
21,13,914,4533,7,14
21,14,584,2788,7,15
21,15,341,1727,7,16
21,16,196,1001,7,17
21,17,116,590,7,18
21,18,77,356,7,19
22,0,98,430,7,1
22,1,71,415,7,2
22,2,134,541,7,3
22,3,155,820,7,4
22,4,276,1323,7,5
22,5,515,2502,7,6
22,6,797,4226,7,7
22,7,1211,6649,7,8
22,8,1720,9383,7,9
22,9,2158,11195,7,10
22,10,2292,11201,7,11
22,11,2121,9590,7,12
22,12,1219,6832,7,13
22,13,963,4533,7,14
22,14,608,2788,7,15
22,15,291,1727,7,16
22,16,173,1001,7,17
22,17,118,590,7,18
22,18,64,356,7,19
23,0,95,430,7,1
23,1,73,415,7,2
23,2,112,541,7,3
23,3,162,820,7,4
23,4,262,1323,7,5
23,5,486,2502,7,6
23,6,857,4226,7,7
23,7,1290,6649,7,8
23,8,1960,9383,7,9
23,9,2094,11195,7,10
23,10,2156,11201,7,11
23,11,1816,9590,7,12
23,12,1182,6832,7,13
23,13,947,4533,7,14
23,14,530,2788,7,15
23,15,361,1727,7,16
23,16,189,1001,7,17
23,17,111,590,7,18
23,18,86,356,7,19
24,0,92,430,7,1
24,1,85,415,7,2
24,2,94,541,7,3
24,3,141,820,7,4
24,4,233,1323,7,5
24,5,494,2502,7,6
24,6,850,4226,7,7
24,7,1274,6649,7,8
24,8,1718,9383,7,9
24,9,2256,11195,7,10
24,10,2288,11201,7,11
24,11,1800,9590,7,12
24,12,1365,6832,7,13
24,13,918,4533,7,14
24,14,531,2788,7,15
24,15,361,1727,7,16
24,16,169,1001,7,17
24,17,117,590,7,18
24,18,80,356,7,19
25,0,83,430,7,1
25,1,75,415,7,2
25,2,91,541,7,3
25,3,150,820,7,4
25,4,256,1323,7,5
25,5,489,2502,7,6
25,6,805,4226,7,7
25,7,1420,6649,7,8
25,8,2019,9383,7,9
25,9,2360,11195,7,10
25,10,2215,11201,7,11
25,11,1888,9590,7,12
25,12,1387,6832,7,13
25,13,888,4533,7,14
25,14,615,2788,7,15
25,15,310,1727,7,16
25,16,197,1001,7,17
25,17,119,590,7,18
25,18,71,356,7,19
26,0,95,430,7,1
26,1,65,415,7,2
26,2,109,541,7,3
26,3,166,820,7,4
26,4,276,1323,7,5
26,5,568,2502,7,6
26,6,795,4226,7,7
26,7,1375,6649,7,8
26,8,1552,9383,7,9
26,9,2168,11195,7,10
26,10,2152,11201,7,11
26,11,2049,9590,7,12
26,12,1332,6832,7,13
26,13,892,4533,7,14
26,14,570,2788,7,15
26,15,341,1727,7,16
26,16,207,1001,7,17
26,17,101,590,7,18
26,18,80,356,7,19
27,0,92,430,7,1
27,1,80,415,7,2
27,2,122,541,7,3
27,3,157,820,7,4
27,4,282,1323,7,5
27,5,528,2502,7,6
27,6,837,4226,7,7
27,7,1352,6649,7,8
27,8,1840,9383,7,9
27,9,2158,11195,7,10
27,10,2262,11201,7,11
27,11,2045,9590,7,12
27,12,1511,6832,7,13
27,13,939,4533,7,14
27,14,552,2788,7,15
27,15,320,1727,7,16
27,16,203,1001,7,17
27,17,119,590,7,18
27,18,70,356,7,19
28,0,82,430,7,1
28,1,80,415,7,2
28,2,118,541,7,3
28,3,174,820,7,4
28,4,261,1323,7,5
28,5,535,2502,7,6
28,6,946,4226,7,7
28,7,1283,6649,7,8
28,8,1779,9383,7,9
28,9,2055,11195,7,10
28,10,2339,11201,7,11
28,11,1833,9590,7,12
28,12,1424,6832,7,13
28,13,921,4533,7,14
28,14,573,2788,7,15
28,15,344,1727,7,16
28,16,176,1001,7,17
28,17,108,590,7,18
28,18,73,356,7,19
29,0,87,430,7,1
29,1,72,415,7,2
29,2,78,541,7,3
29,3,162,820,7,4
29,4,225,1323,7,5
29,5,503,2502,7,6
29,6,786,4226,7,7
29,7,1439,6649,7,8
29,8,1962,9383,7,9
29,9,2381,11195,7,10
29,10,2252,11201,7,11
29,11,1919,9590,7,12
29,12,1425,6832,7,13
29,13,921,4533,7,14
29,14,618,2788,7,15
29,15,306,1727,7,16
29,16,209,1001,7,17
29,17,115,590,7,18
29,18,57,356,7,19
30,0,84,430,7,1
30,1,59,415,7,2
30,2,118,541,7,3
30,3,166,820,7,4
30,4,287,1323,7,5
30,5,484,2502,7,6
30,6,789,4226,7,7
30,7,1338,6649,7,8
30,8,1730,9383,7,9
30,9,2044,11195,7,10
30,10,2257,11201,7,11
30,11,1840,9590,7,12
30,12,1388,6832,7,13
30,13,893,4533,7,14
30,14,526,2788,7,15
30,15,349,1727,7,16
30,16,218,1001,7,17
30,17,107,590,7,18
30,18,80,356,7,19
31,0,82,430,7,1
31,1,87,415,7,2
31,2,86,541,7,3
31,3,164,820,7,4
31,4,275,1323,7,5
31,5,517,2502,7,6
31,6,898,4226,7,7
31,7,1413,6649,7,8
31,8,1808,9383,7,9
31,9,2452,11195,7,10
31,10,2545,11201,7,11
31,11,1858,9590,7,12
31,12,1383,6832,7,13
31,13,855,4533,7,14
31,14,540,2788,7,15
31,15,337,1727,7,16
31,16,168,1001,7,17
31,17,126,590,7,18
31,18,75,356,7,19
32,0,98,430,7,1
32,1,80,415,7,2
32,2,94,541,7,3
32,3,140,820,7,4
32,4,244,1323,7,5
32,5,479,2502,7,6
32,6,856,4226,7,7
32,7,1301,6649,7,8
32,8,2007,9383,7,9
32,9,2472,11195,7,10
32,10,2228,11201,7,11
32,11,2000,9590,7,12
32,12,1262,6832,7,13
32,13,927,4533,7,14
32,14,621,2788,7,15
32,15,377,1727,7,16
32,16,187,1001,7,17
32,17,117,590,7,18
32,18,68,356,7,19
33,0,84,430,7,1
33,1,97,415,7,2
33,2,102,541,7,3
33,3,157,820,7,4
33,4,272,1323,7,5
33,5,505,2502,7,6
33,6,859,4226,7,7
33,7,1515,6649,7,8
33,8,1853,9383,7,9
33,9,2299,11195,7,10
33,10,2276,11201,7,11
33,11,1924,9590,7,12
33,12,1401,6832,7,13
33,13,821,4533,7,14
33,14,526,2788,7,15
33,15,380,1727,7,16
33,16,191,1001,7,17
33,17,123,590,7,18
33,18,62,356,7,19
34,0,78,430,7,1
34,1,72,415,7,2
34,2,120,541,7,3
34,3,179,820,7,4
34,4,270,1323,7,5
34,5,484,2502,7,6
34,6,859,4226,7,7
34,7,1347,6649,7,8
34,8,1919,9383,7,9
34,9,2424,11195,7,10
34,10,2196,11201,7,11
34,11,1821,9590,7,12
34,12,1469,6832,7,13
34,13,891,4533,7,14
34,14,544,2788,7,15
34,15,338,1727,7,16
34,16,186,1001,7,17
34,17,132,590,7,18
34,18,55,356,7,19
35,0,93,430,7,1
35,1,91,415,7,2
35,2,96,541,7,3
35,3,163,820,7,4
35,4,240,1323,7,5
35,5,537,2502,7,6
35,6,837,4226,7,7
35,7,1425,6649,7,8
35,8,1807,9383,7,9
35,9,2284,11195,7,10
35,10,2307,11201,7,11
35,11,2062,9590,7,12
35,12,1249,6832,7,13
35,13,851,4533,7,14
35,14,631,2788,7,15
35,15,362,1727,7,16
35,16,217,1001,7,17
35,17,123,590,7,18
35,18,63,356,7,19
36,0,82,430,7,1
36,1,63,415,7,2
36,2,120,541,7,3
36,3,174,820,7,4
36,4,244,1323,7,5
36,5,495,2502,7,6
36,6,869,4226,7,7
36,7,1346,6649,7,8
36,8,1963,9383,7,9
36,9,2560,11195,7,10
36,10,2401,11201,7,11
36,11,2138,9590,7,12
36,12,1449,6832,7,13
36,13,1005,4533,7,14
36,14,590,2788,7,15
36,15,326,1727,7,16
36,16,199,1001,7,17
36,17,133,590,7,18
36,18,71,356,7,19
37,0,87,430,7,1
37,1,74,415,7,2
37,2,92,541,7,3
37,3,172,820,7,4
37,4,213,1323,7,5
37,5,510,2502,7,6
37,6,879,4226,7,7
37,7,1343,6649,7,8
37,8,1843,9383,7,9
37,9,2134,11195,7,10
37,10,2140,11201,7,11
37,11,1846,9590,7,12
37,12,1263,6832,7,13
37,13,843,4533,7,14
37,14,560,2788,7,15
37,15,299,1727,7,16
37,16,196,1001,7,17
37,17,118,590,7,18
37,18,86,356,7,19
38,0,84,430,7,1
38,1,82,415,7,2
38,2,114,541,7,3
38,3,146,820,7,4
38,4,263,1323,7,5
38,5,508,2502,7,6
38,6,817,4226,7,7
38,7,1410,6649,7,8
38,8,1762,9383,7,9
38,9,2306,11195,7,10
38,10,2158,11201,7,11
38,11,1984,9590,7,12
38,12,1409,6832,7,13
38,13,869,4533,7,14
38,14,570,2788,7,15
38,15,385,1727,7,16
38,16,186,1001,7,17
38,17,107,590,7,18
38,18,73,356,7,19
39,0,65,430,7,1
39,1,105,415,7,2
39,2,93,541,7,3
39,3,181,820,7,4
39,4,219,1323,7,5
39,5,537,2502,7,6
39,6,811,4226,7,7
39,7,1357,6649,7,8
39,8,1999,9383,7,9
39,9,2233,11195,7,10
39,10,2030,11201,7,11
39,11,1845,9590,7,12
39,12,1444,6832,7,13
39,13,957,4533,7,14
39,14,521,2788,7,15
39,15,324,1727,7,16
39,16,215,1001,7,17
39,17,112,590,7,18
39,18,87,356,7,19
40,0,89,430,7,1
40,1,77,415,7,2
40,2,118,541,7,3
40,3,173,820,7,4
40,4,234,1323,7,5
40,5,503,2502,7,6
40,6,820,4226,7,7
40,7,1371,6649,7,8
40,8,1845,9383,7,9
40,9,1972,11195,7,10
40,10,2337,11201,7,11
40,11,1911,9590,7,12
40,12,1359,6832,7,13
40,13,909,4533,7,14
40,14,564,2788,7,15
40,15,356,1727,7,16
40,16,218,1001,7,17
40,17,116,590,7,18
40,18,69,356,7,19
41,0,78,430,7,1
41,1,87,415,7,2
41,2,109,541,7,3
41,3,163,820,7,4
41,4,257,1323,7,5
41,5,544,2502,7,6
41,6,827,4226,7,7
41,7,1341,6649,7,8
41,8,1922,9383,7,9
41,9,2136,11195,7,10
41,10,2506,11201,7,11
41,11,1803,9590,7,12
41,12,1342,6832,7,13
41,13,837,4533,7,14
41,14,596,2788,7,15
41,15,320,1727,7,16
41,16,193,1001,7,17
41,17,124,590,7,18
41,18,48,356,7,19
42,0,96,430,7,1
42,1,92,415,7,2
42,2,106,541,7,3
42,3,165,820,7,4
42,4,277,1323,7,5
42,5,479,2502,7,6
42,6,831,4226,7,7
42,7,1260,6649,7,8
42,8,1822,9383,7,9
42,9,2187,11195,7,10
42,10,2314,11201,7,11
42,11,1937,9590,7,12
42,12,1285,6832,7,13
42,13,912,4533,7,14
42,14,533,2788,7,15
42,15,323,1727,7,16
42,16,175,1001,7,17
42,17,113,590,7,18
42,18,63,356,7,19
43,0,87,430,7,1
43,1,76,415,7,2
43,2,98,541,7,3
43,3,163,820,7,4
43,4,306,1323,7,5
43,5,537,2502,7,6
43,6,887,4226,7,7
43,7,1385,6649,7,8
43,8,1827,9383,7,9
43,9,2286,11195,7,10
43,10,2255,11201,7,11
43,11,1755,9590,7,12
43,12,1249,6832,7,13
43,13,902,4533,7,14
43,14,566,2788,7,15
43,15,401,1727,7,16
43,16,182,1001,7,17
43,17,146,590,7,18
43,18,76,356,7,19
44,0,69,430,7,1
44,1,99,415,7,2
44,2,130,541,7,3
44,3,160,820,7,4
44,4,243,1323,7,5
44,5,470,2502,7,6
44,6,819,4226,7,7
44,7,1328,6649,7,8
44,8,1813,9383,7,9
44,9,2370,11195,7,10
44,10,2340,11201,7,11
44,11,2026,9590,7,12
44,12,1443,6832,7,13
44,13,907,4533,7,14
44,14,596,2788,7,15
44,15,362,1727,7,16
44,16,184,1001,7,17
44,17,118,590,7,18
44,18,93,356,7,19
45,0,78,430,7,1
45,1,79,415,7,2
45,2,123,541,7,3
45,3,156,820,7,4
45,4,296,1323,7,5
45,5,416,2502,7,6
45,6,833,4226,7,7
45,7,1254,6649,7,8
45,8,1802,9383,7,9
45,9,2273,11195,7,10
45,10,2079,11201,7,11
45,11,1900,9590,7,12
45,12,1235,6832,7,13
45,13,749,4533,7,14
45,14,512,2788,7,15
45,15,333,1727,7,16
45,16,190,1001,7,17
45,17,129,590,7,18
45,18,73,356,7,19
46,0,104,430,7,1
46,1,62,415,7,2
46,2,108,541,7,3
46,3,163,820,7,4
46,4,250,1323,7,5
46,5,568,2502,7,6
46,6,842,4226,7,7
46,7,1305,6649,7,8
46,8,2097,9383,7,9
46,9,2442,11195,7,10
46,10,2241,11201,7,11
46,11,2046,9590,7,12
46,12,1275,6832,7,13
46,13,774,4533,7,14
46,14,493,2788,7,15
46,15,362,1727,7,16
46,16,217,1001,7,17
46,17,107,590,7,18
46,18,63,356,7,19
47,0,79,430,7,1
47,1,70,415,7,2
47,2,107,541,7,3
47,3,185,820,7,4
47,4,266,1323,7,5
47,5,510,2502,7,6
47,6,947,4226,7,7
47,7,1351,6649,7,8
47,8,1944,9383,7,9
47,9,2440,11195,7,10
47,10,2249,11201,7,11
47,11,1917,9590,7,12
47,12,1352,6832,7,13
47,13,801,4533,7,14
47,14,561,2788,7,15
47,15,354,1727,7,16
47,16,197,1001,7,17
47,17,121,590,7,18
47,18,59,356,7,19
48,0,106,430,7,1
48,1,88,415,7,2
48,2,92,541,7,3
48,3,149,820,7,4
48,4,289,1323,7,5
48,5,471,2502,7,6
48,6,857,4226,7,7
48,7,1401,6649,7,8
48,8,1888,9383,7,9
48,9,2094,11195,7,10
48,10,2275,11201,7,11
48,11,2047,9590,7,12
48,12,1328,6832,7,13
48,13,925,4533,7,14
48,14,609,2788,7,15
48,15,321,1727,7,16
48,16,228,1001,7,17
48,17,122,590,7,18
48,18,76,356,7,19
49,0,86,430,7,1
49,1,92,415,7,2
49,2,111,541,7,3
49,3,193,820,7,4
49,4,253,1323,7,5
49,5,472,2502,7,6
49,6,816,4226,7,7
49,7,1232,6649,7,8
49,8,1884,9383,7,9
49,9,2051,11195,7,10
49,10,2093,11201,7,11
49,11,1917,9590,7,12
49,12,1406,6832,7,13
49,13,889,4533,7,14
49,14,544,2788,7,15
49,15,341,1727,7,16
49,16,193,1001,7,17
49,17,113,590,7,18
49,18,62,356,7,19
50,0,69,430,7,1
50,1,91,415,7,2
50,2,127,541,7,3
50,3,133,820,7,4
50,4,263,1323,7,5
50,5,503,2502,7,6
50,6,683,4226,7,7
50,7,1361,6649,7,8
50,8,1916,9383,7,9
50,9,2258,11195,7,10
50,10,2458,11201,7,11
50,11,1865,9590,7,12
50,12,1385,6832,7,13
50,13,850,4533,7,14
50,14,593,2788,7,15
50,15,352,1727,7,16
50,16,206,1001,7,17
50,17,98,590,7,18
50,18,66,356,7,19
51,0,82,430,7,1
51,1,72,415,7,2
51,2,97,541,7,3
51,3,196,820,7,4
51,4,283,1323,7,5
51,5,441,2502,7,6
51,6,762,4226,7,7
51,7,1315,6649,7,8
51,8,1878,9383,7,9
51,9,2175,11195,7,10
51,10,2291,11201,7,11
51,11,2059,9590,7,12
51,12,1364,6832,7,13
51,13,818,4533,7,14
51,14,588,2788,7,15
51,15,350,1727,7,16
51,16,227,1001,7,17
51,17,114,590,7,18
51,18,73,356,7,19
52,0,80,430,7,1
52,1,82,415,7,2
52,2,109,541,7,3
52,3,203,820,7,4
52,4,261,1323,7,5
52,5,476,2502,7,6
52,6,873,4226,7,7
52,7,1256,6649,7,8
52,8,1923,9383,7,9
52,9,2383,11195,7,10
52,10,2146,11201,7,11
52,11,1816,9590,7,12
52,12,1322,6832,7,13
52,13,950,4533,7,14
52,14,464,2788,7,15
52,15,350,1727,7,16
52,16,183,1001,7,17
52,17,143,590,7,18
52,18,63,356,7,19
53,0,55,430,7,1
53,1,70,415,7,2
53,2,118,541,7,3
53,3,129,820,7,4
53,4,296,1323,7,5
53,5,499,2502,7,6
53,6,935,4226,7,7
53,7,1411,6649,7,8
53,8,1806,9383,7,9
53,9,2228,11195,7,10
53,10,2184,11201,7,11
53,11,1988,9590,7,12
53,12,1216,6832,7,13
53,13,939,4533,7,14
53,14,536,2788,7,15
53,15,349,1727,7,16
53,16,206,1001,7,17
53,17,116,590,7,18
53,18,72,356,7,19
54,0,97,430,7,1
54,1,90,415,7,2
54,2,106,541,7,3
54,3,160,820,7,4
54,4,250,1323,7,5
54,5,460,2502,7,6
54,6,828,4226,7,7
54,7,1381,6649,7,8
54,8,1787,9383,7,9
54,9,2324,11195,7,10
54,10,2293,11201,7,11
54,11,1843,9590,7,12
54,12,1451,6832,7,13
54,13,805,4533,7,14
54,14,590,2788,7,15
54,15,317,1727,7,16
54,16,184,1001,7,17
54,17,121,590,7,18
54,18,63,356,7,19
55,0,72,430,7,1
55,1,94,415,7,2
55,2,91,541,7,3
55,3,200,820,7,4
55,4,249,1323,7,5
55,5,506,2502,7,6
55,6,944,4226,7,7
55,7,1384,6649,7,8
55,8,2090,9383,7,9
55,9,2164,11195,7,10
55,10,2008,11201,7,11
55,11,1939,9590,7,12
55,12,1289,6832,7,13
55,13,749,4533,7,14
55,14,545,2788,7,15
55,15,316,1727,7,16
55,16,216,1001,7,17
55,17,112,590,7,18
55,18,84,356,7,19
56,0,81,430,7,1
56,1,90,415,7,2
56,2,100,541,7,3
56,3,158,820,7,4
56,4,225,1323,7,5
56,5,526,2502,7,6
56,6,909,4226,7,7
56,7,1309,6649,7,8
56,8,1864,9383,7,9
56,9,2076,11195,7,10
56,10,2447,11201,7,11
56,11,1922,9590,7,12
56,12,1339,6832,7,13
56,13,948,4533,7,14
56,14,553,2788,7,15
56,15,355,1727,7,16
56,16,190,1001,7,17
56,17,123,590,7,18
56,18,68,356,7,19
57,0,98,430,7,1
57,1,95,415,7,2
57,2,110,541,7,3
57,3,172,820,7,4
57,4,258,1323,7,5
57,5,513,2502,7,6
57,6,797,4226,7,7
57,7,1420,6649,7,8
57,8,2052,9383,7,9
57,9,2078,11195,7,10
57,10,2274,11201,7,11
57,11,2099,9590,7,12
57,12,1246,6832,7,13
57,13,1075,4533,7,14
57,14,590,2788,7,15
57,15,286,1727,7,16
57,16,205,1001,7,17
57,17,109,590,7,18
57,18,78,356,7,19
58,0,86,430,7,1
58,1,73,415,7,2
58,2,104,541,7,3
58,3,132,820,7,4
58,4,271,1323,7,5
58,5,501,2502,7,6
58,6,869,4226,7,7
58,7,1449,6649,7,8
58,8,1858,9383,7,9
58,9,2272,11195,7,10
58,10,2247,11201,7,11
58,11,1990,9590,7,12
58,12,1343,6832,7,13
58,13,910,4533,7,14
58,14,492,2788,7,15
58,15,370,1727,7,16
58,16,189,1001,7,17
58,17,121,590,7,18
58,18,82,356,7,19
59,0,96,430,7,1
59,1,78,415,7,2
59,2,90,541,7,3
59,3,152,820,7,4
59,4,256,1323,7,5
59,5,491,2502,7,6
59,6,858,4226,7,7
59,7,1535,6649,7,8
59,8,1790,9383,7,9
59,9,1971,11195,7,10
59,10,2214,11201,7,11
59,11,2115,9590,7,12
59,12,1373,6832,7,13
59,13,906,4533,7,14
59,14,581,2788,7,15
59,15,370,1727,7,16
59,16,201,1001,7,17
59,17,129,590,7,18
59,18,57,356,7,19
60,0,82,430,7,1
60,1,66,415,7,2
60,2,123,541,7,3
60,3,165,820,7,4
60,4,275,1323,7,5
60,5,549,2502,7,6
60,6,852,4226,7,7
60,7,1462,6649,7,8
60,8,1853,9383,7,9
60,9,2234,11195,7,10
60,10,2070,11201,7,11
60,11,1943,9590,7,12
60,12,1426,6832,7,13
60,13,901,4533,7,14
60,14,604,2788,7,15
60,15,356,1727,7,16
60,16,202,1001,7,17
60,17,128,590,7,18
60,18,62,356,7,19
61,0,105,430,7,1
61,1,81,415,7,2
61,2,118,541,7,3
61,3,164,820,7,4
61,4,219,1323,7,5
61,5,489,2502,7,6
61,6,868,4226,7,7
61,7,1481,6649,7,8
61,8,1809,9383,7,9
61,9,2032,11195,7,10
61,10,2167,11201,7,11
61,11,1993,9590,7,12
61,12,1302,6832,7,13
61,13,987,4533,7,14
61,14,549,2788,7,15
61,15,357,1727,7,16
61,16,180,1001,7,17
61,17,112,590,7,18
61,18,65,356,7,19
62,0,84,430,7,1
62,1,106,415,7,2
62,2,105,541,7,3
62,3,157,820,7,4
62,4,274,1323,7,5
62,5,480,2502,7,6
62,6,807,4226,7,7
62,7,1303,6649,7,8
62,8,1750,9383,7,9
62,9,2267,11195,7,10
62,10,2266,11201,7,11
62,11,1713,9590,7,12
62,12,1532,6832,7,13
62,13,795,4533,7,14
62,14,532,2788,7,15
62,15,332,1727,7,16
62,16,194,1001,7,17
62,17,101,590,7,18
62,18,64,356,7,19
63,0,83,430,7,1
63,1,77,415,7,2
63,2,104,541,7,3
63,3,144,820,7,4
63,4,266,1323,7,5
63,5,437,2502,7,6
63,6,837,4226,7,7
63,7,1330,6649,7,8
63,8,1705,9383,7,9
63,9,2440,11195,7,10
63,10,2291,11201,7,11
63,11,1843,9590,7,12
63,12,1315,6832,7,13
63,13,880,4533,7,14
63,14,583,2788,7,15
63,15,322,1727,7,16
63,16,204,1001,7,17
63,17,106,590,7,18
63,18,64,356,7,19
64,0,82,430,7,1
64,1,84,415,7,2
64,2,113,541,7,3
64,3,155,820,7,4
64,4,255,1323,7,5
64,5,470,2502,7,6
64,6,932,4226,7,7
64,7,1346,6649,7,8
64,8,1970,9383,7,9
64,9,2180,11195,7,10
64,10,2295,11201,7,11
64,11,1908,9590,7,12
64,12,1198,6832,7,13
64,13,908,4533,7,14
64,14,593,2788,7,15
64,15,377,1727,7,16
64,16,211,1001,7,17
64,17,111,590,7,18
64,18,71,356,7,19
65,0,69,430,7,1
65,1,98,415,7,2
65,2,144,541,7,3
65,3,146,820,7,4
65,4,280,1323,7,5
65,5,518,2502,7,6
65,6,851,4226,7,7
65,7,1315,6649,7,8
65,8,1720,9383,7,9
65,9,2578,11195,7,10
65,10,2282,11201,7,11
65,11,2058,9590,7,12
65,12,1245,6832,7,13
65,13,898,4533,7,14
65,14,564,2788,7,15
65,15,327,1727,7,16
65,16,188,1001,7,17
65,17,115,590,7,18
65,18,82,356,7,19
66,0,75,430,7,1
66,1,78,415,7,2
66,2,96,541,7,3
66,3,149,820,7,4
66,4,282,1323,7,5
66,5,509,2502,7,6
66,6,829,4226,7,7
66,7,1350,6649,7,8
66,8,1910,9383,7,9
66,9,2317,11195,7,10
66,10,2263,11201,7,11
66,11,1861,9590,7,12
66,12,1436,6832,7,13
66,13,917,4533,7,14
66,14,615,2788,7,15
66,15,357,1727,7,16
66,16,229,1001,7,17
66,17,126,590,7,18
66,18,70,356,7,19
67,0,97,430,7,1
67,1,88,415,7,2
67,2,104,541,7,3
67,3,157,820,7,4
67,4,212,1323,7,5
67,5,486,2502,7,6
67,6,842,4226,7,7
67,7,1286,6649,7,8
67,8,1935,9383,7,9
67,9,2220,11195,7,10
67,10,2156,11201,7,11
67,11,1899,9590,7,12
67,12,1304,6832,7,13
67,13,930,4533,7,14
67,14,609,2788,7,15
67,15,359,1727,7,16
67,16,194,1001,7,17
67,17,125,590,7,18
67,18,85,356,7,19
68,0,89,430,7,1
68,1,75,415,7,2
68,2,127,541,7,3
68,3,168,820,7,4
68,4,276,1323,7,5
68,5,530,2502,7,6
68,6,755,4226,7,7
68,7,1421,6649,7,8
68,8,1969,9383,7,9
68,9,2035,11195,7,10
68,10,2458,11201,7,11
68,11,1994,9590,7,12
68,12,1338,6832,7,13
68,13,935,4533,7,14
68,14,482,2788,7,15
68,15,326,1727,7,16
68,16,202,1001,7,17
68,17,113,590,7,18
68,18,72,356,7,19
69,0,86,430,7,1
69,1,85,415,7,2
69,2,119,541,7,3
69,3,172,820,7,4
69,4,292,1323,7,5
69,5,486,2502,7,6
69,6,864,4226,7,7
69,7,1209,6649,7,8
69,8,1843,9383,7,9
69,9,2463,11195,7,10
69,10,2298,11201,7,11
69,11,2016,9590,7,12
69,12,1278,6832,7,13
69,13,871,4533,7,14
69,14,569,2788,7,15
69,15,371,1727,7,16
69,16,176,1001,7,17
69,17,82,590,7,18
69,18,58,356,7,19
70,0,67,430,7,1
70,1,88,415,7,2
70,2,105,541,7,3
70,3,159,820,7,4
70,4,256,1323,7,5
70,5,477,2502,7,6
70,6,848,4226,7,7
70,7,1371,6649,7,8
70,8,1796,9383,7,9
70,9,2265,11195,7,10
70,10,2339,11201,7,11
70,11,1890,9590,7,12
70,12,1266,6832,7,13
70,13,948,4533,7,14
70,14,574,2788,7,15
70,15,367,1727,7,16
70,16,183,1001,7,17
70,17,124,590,7,18
70,18,75,356,7,19
71,0,83,430,7,1
71,1,76,415,7,2
71,2,90,541,7,3
71,3,168,820,7,4
71,4,275,1323,7,5
71,5,511,2502,7,6
71,6,854,4226,7,7
71,7,1244,6649,7,8
71,8,1836,9383,7,9
71,9,2206,11195,7,10
71,10,2181,11201,7,11
71,11,1750,9590,7,12
71,12,1377,6832,7,13
71,13,960,4533,7,14
71,14,543,2788,7,15
71,15,359,1727,7,16
71,16,208,1001,7,17
71,17,98,590,7,18
71,18,78,356,7,19
72,0,103,430,7,1
72,1,99,415,7,2
72,2,107,541,7,3
72,3,161,820,7,4
72,4,249,1323,7,5
72,5,480,2502,7,6
72,6,929,4226,7,7
72,7,1320,6649,7,8
72,8,1821,9383,7,9
72,9,2302,11195,7,10
72,10,2247,11201,7,11
72,11,1837,9590,7,12
72,12,1386,6832,7,13
72,13,967,4533,7,14
72,14,549,2788,7,15
72,15,348,1727,7,16
72,16,222,1001,7,17
72,17,151,590,7,18
72,18,70,356,7,19
73,0,95,430,7,1
73,1,84,415,7,2
73,2,121,541,7,3
73,3,152,820,7,4
73,4,281,1323,7,5
73,5,433,2502,7,6
73,6,801,4226,7,7
73,7,1335,6649,7,8
73,8,1721,9383,7,9
73,9,2157,11195,7,10
73,10,2442,11201,7,11
73,11,2124,9590,7,12
73,12,1279,6832,7,13
73,13,888,4533,7,14
73,14,539,2788,7,15
73,15,383,1727,7,16
73,16,203,1001,7,17
73,17,138,590,7,18
73,18,69,356,7,19
74,0,82,430,7,1
74,1,103,415,7,2
74,2,89,541,7,3
74,3,170,820,7,4
74,4,244,1323,7,5
74,5,466,2502,7,6
74,6,848,4226,7,7
74,7,1247,6649,7,8
74,8,1809,9383,7,9
74,9,2186,11195,7,10
74,10,2358,11201,7,11
74,11,2073,9590,7,12
74,12,1338,6832,7,13
74,13,907,4533,7,14
74,14,576,2788,7,15
74,15,379,1727,7,16
74,16,207,1001,7,17
74,17,127,590,7,18
74,18,47,356,7,19
75,0,80,430,7,1
75,1,96,415,7,2
75,2,120,541,7,3
75,3,176,820,7,4
75,4,278,1323,7,5
75,5,501,2502,7,6
75,6,815,4226,7,7
75,7,1365,6649,7,8
75,8,1681,9383,7,9
75,9,2165,11195,7,10
75,10,2482,11201,7,11
75,11,2000,9590,7,12
75,12,1507,6832,7,13
75,13,993,4533,7,14
75,14,555,2788,7,15
75,15,331,1727,7,16
75,16,182,1001,7,17
75,17,120,590,7,18
75,18,68,356,7,19
76,0,93,430,7,1
76,1,94,415,7,2
76,2,118,541,7,3
76,3,151,820,7,4
76,4,219,1323,7,5
76,5,503,2502,7,6
76,6,813,4226,7,7
76,7,1325,6649,7,8
76,8,1990,9383,7,9
76,9,2275,11195,7,10
76,10,2346,11201,7,11
76,11,1902,9590,7,12
76,12,1347,6832,7,13
76,13,977,4533,7,14
76,14,519,2788,7,15
76,15,314,1727,7,16
76,16,213,1001,7,17
76,17,125,590,7,18
76,18,73,356,7,19
77,0,88,430,7,1
77,1,81,415,7,2
77,2,111,541,7,3
77,3,193,820,7,4
77,4,253,1323,7,5
77,5,434,2502,7,6
77,6,881,4226,7,7
77,7,1363,6649,7,8
77,8,1878,9383,7,9
77,9,2291,11195,7,10
77,10,2083,11201,7,11
77,11,2017,9590,7,12
77,12,1301,6832,7,13
77,13,956,4533,7,14
77,14,579,2788,7,15
77,15,391,1727,7,16
77,16,225,1001,7,17
77,17,122,590,7,18
77,18,90,356,7,19
78,0,79,430,7,1
78,1,90,415,7,2
78,2,112,541,7,3
78,3,185,820,7,4
78,4,219,1323,7,5
78,5,514,2502,7,6
78,6,793,4226,7,7
78,7,1346,6649,7,8
78,8,1918,9383,7,9
78,9,2006,11195,7,10
78,10,2143,11201,7,11
78,11,1950,9590,7,12
78,12,1306,6832,7,13
78,13,879,4533,7,14
78,14,572,2788,7,15
78,15,368,1727,7,16
78,16,230,1001,7,17
78,17,103,590,7,18
78,18,76,356,7,19
79,0,69,430,7,1
79,1,86,415,7,2
79,2,107,541,7,3
79,3,215,820,7,4
79,4,261,1323,7,5
79,5,458,2502,7,6
79,6,864,4226,7,7
79,7,1363,6649,7,8
79,8,2153,9383,7,9
79,9,2410,11195,7,10
79,10,2428,11201,7,11
79,11,1703,9590,7,12
79,12,1586,6832,7,13
79,13,886,4533,7,14
79,14,571,2788,7,15
79,15,341,1727,7,16
79,16,200,1001,7,17
79,17,136,590,7,18
79,18,69,356,7,19
80,0,84,430,7,1
80,1,104,415,7,2
80,2,115,541,7,3
80,3,162,820,7,4
80,4,209,1323,7,5
80,5,525,2502,7,6
80,6,816,4226,7,7
80,7,1375,6649,7,8
80,8,2002,9383,7,9
80,9,2220,11195,7,10
80,10,2249,11201,7,11
80,11,1722,9590,7,12
80,12,1383,6832,7,13
80,13,871,4533,7,14
80,14,560,2788,7,15
80,15,327,1727,7,16
80,16,194,1001,7,17
80,17,121,590,7,18
80,18,63,356,7,19
81,0,67,430,7,1
81,1,99,415,7,2
81,2,110,541,7,3
81,3,164,820,7,4
81,4,284,1323,7,5
81,5,484,2502,7,6
81,6,793,4226,7,7
81,7,1262,6649,7,8
81,8,1955,9383,7,9
81,9,2359,11195,7,10
81,10,2082,11201,7,11
81,11,1958,9590,7,12
81,12,1367,6832,7,13
81,13,821,4533,7,14
81,14,529,2788,7,15
81,15,380,1727,7,16
81,16,195,1001,7,17
81,17,126,590,7,18
81,18,70,356,7,19
82,0,81,430,7,1
82,1,81,415,7,2
82,2,114,541,7,3
82,3,165,820,7,4
82,4,271,1323,7,5
82,5,523,2502,7,6
82,6,895,4226,7,7
82,7,1335,6649,7,8
82,8,2056,9383,7,9
82,9,2386,11195,7,10
82,10,2466,11201,7,11
82,11,1748,9590,7,12
82,12,1370,6832,7,13
82,13,943,4533,7,14
82,14,613,2788,7,15
82,15,307,1727,7,16
82,16,167,1001,7,17
82,17,103,590,7,18
82,18,78,356,7,19
83,0,80,430,7,1
83,1,71,415,7,2
83,2,118,541,7,3
83,3,178,820,7,4
83,4,265,1323,7,5
83,5,498,2502,7,6
83,6,887,4226,7,7
83,7,1454,6649,7,8
83,8,1868,9383,7,9
83,9,2305,11195,7,10
83,10,2202,11201,7,11
83,11,1939,9590,7,12
83,12,1299,6832,7,13
83,13,847,4533,7,14
83,14,594,2788,7,15
83,15,368,1727,7,16
83,16,212,1001,7,17
83,17,127,590,7,18
83,18,57,356,7,19
84,0,81,430,7,1
84,1,98,415,7,2
84,2,120,541,7,3
84,3,164,820,7,4
84,4,273,1323,7,5
84,5,510,2502,7,6
84,6,856,4226,7,7
84,7,1164,6649,7,8
84,8,1947,9383,7,9
84,9,2205,11195,7,10
84,10,2319,11201,7,11
84,11,1919,9590,7,12
84,12,1314,6832,7,13
84,13,912,4533,7,14
84,14,620,2788,7,15
84,15,308,1727,7,16
84,16,229,1001,7,17
84,17,120,590,7,18
84,18,72,356,7,19
85,0,72,430,7,1
85,1,85,415,7,2
85,2,109,541,7,3
85,3,176,820,7,4
85,4,252,1323,7,5
85,5,495,2502,7,6
85,6,840,4226,7,7
85,7,1334,6649,7,8
85,8,2023,9383,7,9
85,9,2130,11195,7,10
85,10,2460,11201,7,11
85,11,2038,9590,7,12
85,12,1328,6832,7,13
85,13,920,4533,7,14
85,14,507,2788,7,15
85,15,330,1727,7,16
85,16,219,1001,7,17
85,17,134,590,7,18
85,18,72,356,7,19
86,0,76,430,7,1
86,1,86,415,7,2
86,2,105,541,7,3
86,3,157,820,7,4
86,4,219,1323,7,5
86,5,437,2502,7,6
86,6,816,4226,7,7
86,7,1352,6649,7,8
86,8,1890,9383,7,9
86,9,2319,11195,7,10
86,10,2346,11201,7,11
86,11,1987,9590,7,12
86,12,1345,6832,7,13
86,13,892,4533,7,14
86,14,525,2788,7,15
86,15,286,1727,7,16
86,16,174,1001,7,17
86,17,120,590,7,18
86,18,74,356,7,19
87,0,88,430,7,1
87,1,74,415,7,2
87,2,141,541,7,3
87,3,160,820,7,4
87,4,297,1323,7,5
87,5,522,2502,7,6
87,6,846,4226,7,7
87,7,1310,6649,7,8
87,8,2000,9383,7,9
87,9,2403,11195,7,10
87,10,2110,11201,7,11
87,11,1745,9590,7,12
87,12,1336,6832,7,13
87,13,925,4533,7,14
87,14,570,2788,7,15
87,15,328,1727,7,16
87,16,193,1001,7,17
87,17,110,590,7,18
87,18,65,356,7,19
88,0,99,430,7,1
88,1,74,415,7,2
88,2,101,541,7,3
88,3,162,820,7,4
88,4,294,1323,7,5
88,5,468,2502,7,6
88,6,866,4226,7,7
88,7,1346,6649,7,8
88,8,1871,9383,7,9
88,9,2265,11195,7,10
88,10,2056,11201,7,11
88,11,1737,9590,7,12
88,12,1313,6832,7,13
88,13,878,4533,7,14
88,14,569,2788,7,15
88,15,358,1727,7,16
88,16,199,1001,7,17
88,17,119,590,7,18
88,18,83,356,7,19
89,0,77,430,7,1
89,1,76,415,7,2
89,2,131,541,7,3
89,3,154,820,7,4
89,4,257,1323,7,5
89,5,535,2502,7,6
89,6,873,4226,7,7
89,7,1379,6649,7,8
89,8,1835,9383,7,9
89,9,2402,11195,7,10
89,10,2180,11201,7,11
89,11,1955,9590,7,12
89,12,1478,6832,7,13
89,13,937,4533,7,14
89,14,555,2788,7,15
89,15,361,1727,7,16
89,16,177,1001,7,17
89,17,124,590,7,18
89,18,80,356,7,19
90,0,85,430,7,1
90,1,80,415,7,2
90,2,86,541,7,3
90,3,164,820,7,4
90,4,256,1323,7,5
90,5,488,2502,7,6
90,6,850,4226,7,7
90,7,1367,6649,7,8
90,8,1708,9383,7,9
90,9,2223,11195,7,10
90,10,2214,11201,7,11
90,11,1981,9590,7,12
90,12,1406,6832,7,13
90,13,852,4533,7,14
90,14,609,2788,7,15
90,15,359,1727,7,16
90,16,163,1001,7,17
90,17,109,590,7,18
90,18,84,356,7,19
91,0,81,430,7,1
91,1,77,415,7,2
91,2,99,541,7,3
91,3,155,820,7,4
91,4,318,1323,7,5
91,5,482,2502,7,6
91,6,871,4226,7,7
91,7,1451,6649,7,8
91,8,1945,9383,7,9
91,9,2277,11195,7,10
91,10,2240,11201,7,11
91,11,1962,9590,7,12
91,12,1292,6832,7,13
91,13,894,4533,7,14
91,14,553,2788,7,15
91,15,359,1727,7,16
91,16,182,1001,7,17
91,17,112,590,7,18
91,18,75,356,7,19
92,0,74,430,7,1
92,1,94,415,7,2
92,2,106,541,7,3
92,3,197,820,7,4
92,4,289,1323,7,5
92,5,543,2502,7,6
92,6,807,4226,7,7
92,7,1299,6649,7,8
92,8,1985,9383,7,9
92,9,2153,11195,7,10
92,10,2108,11201,7,11
92,11,1898,9590,7,12
92,12,1425,6832,7,13
92,13,917,4533,7,14
92,14,550,2788,7,15
92,15,365,1727,7,16
92,16,230,1001,7,17
92,17,115,590,7,18
92,18,73,356,7,19
93,0,81,430,7,1
93,1,69,415,7,2
93,2,117,541,7,3
93,3,178,820,7,4
93,4,251,1323,7,5
93,5,495,2502,7,6
93,6,856,4226,7,7
93,7,1256,6649,7,8
93,8,1946,9383,7,9
93,9,2108,11195,7,10
93,10,2204,11201,7,11
93,11,1841,9590,7,12
93,12,1439,6832,7,13
93,13,1008,4533,7,14
93,14,580,2788,7,15
93,15,381,1727,7,16
93,16,222,1001,7,17
93,17,104,590,7,18
93,18,73,356,7,19
94,0,86,430,7,1
94,1,79,415,7,2
94,2,110,541,7,3
94,3,167,820,7,4
94,4,260,1323,7,5
94,5,489,2502,7,6
94,6,833,4226,7,7
94,7,1380,6649,7,8
94,8,1960,9383,7,9
94,9,2251,11195,7,10
94,10,2177,11201,7,11
94,11,1835,9590,7,12
94,12,1357,6832,7,13
94,13,928,4533,7,14
94,14,551,2788,7,15
94,15,335,1727,7,16
94,16,196,1001,7,17
94,17,117,590,7,18
94,18,65,356,7,19
95,0,69,430,7,1
95,1,69,415,7,2
95,2,103,541,7,3
95,3,178,820,7,4
95,4,312,1323,7,5
95,5,520,2502,7,6
95,6,862,4226,7,7
95,7,1420,6649,7,8
95,8,1937,9383,7,9
95,9,1953,11195,7,10
95,10,2257,11201,7,11
95,11,2008,9590,7,12
95,12,1332,6832,7,13
95,13,928,4533,7,14
95,14,508,2788,7,15
95,15,289,1727,7,16
95,16,189,1001,7,17
95,17,126,590,7,18
95,18,77,356,7,19
96,0,80,430,7,1
96,1,75,415,7,2
96,2,110,541,7,3
96,3,181,820,7,4
96,4,269,1323,7,5
96,5,501,2502,7,6
96,6,879,4226,7,7
96,7,1403,6649,7,8
96,8,1845,9383,7,9
96,9,2312,11195,7,10
96,10,2254,11201,7,11
96,11,2119,9590,7,12
96,12,1354,6832,7,13
96,13,867,4533,7,14
96,14,597,2788,7,15
96,15,312,1727,7,16
96,16,223,1001,7,17
96,17,113,590,7,18
96,18,65,356,7,19
97,0,83,430,7,1
97,1,61,415,7,2
97,2,106,541,7,3
97,3,155,820,7,4
97,4,260,1323,7,5
97,5,495,2502,7,6
97,6,814,4226,7,7
97,7,1551,6649,7,8
97,8,1952,9383,7,9
97,9,2230,11195,7,10
97,10,2187,11201,7,11
97,11,1995,9590,7,12
97,12,1410,6832,7,13
97,13,913,4533,7,14
97,14,565,2788,7,15
97,15,436,1727,7,16
97,16,189,1001,7,17
97,17,135,590,7,18
97,18,73,356,7,19
98,0,74,430,7,1
98,1,66,415,7,2
98,2,109,541,7,3
98,3,141,820,7,4
98,4,245,1323,7,5
98,5,523,2502,7,6
98,6,847,4226,7,7
98,7,1258,6649,7,8
98,8,1787,9383,7,9
98,9,2423,11195,7,10
98,10,2055,11201,7,11
98,11,1742,9590,7,12
98,12,1381,6832,7,13
98,13,790,4533,7,14
98,14,562,2788,7,15
98,15,298,1727,7,16
98,16,196,1001,7,17
98,17,117,590,7,18
98,18,83,356,7,19
99,0,80,430,7,1
99,1,84,415,7,2
99,2,114,541,7,3
99,3,167,820,7,4
99,4,257,1323,7,5
99,5,550,2502,7,6
99,6,875,4226,7,7
99,7,1357,6649,7,8
99,8,2053,9383,7,9
99,9,2239,11195,7,10
99,10,2137,11201,7,11
99,11,1896,9590,7,12
99,12,1219,6832,7,13
99,13,902,4533,7,14
99,14,556,2788,7,15
99,15,344,1727,7,16
99,16,225,1001,7,17
99,17,113,590,7,18
99,18,76,356,7,19
100,0,77,430,7,1
100,1,81,415,7,2
100,2,100,541,7,3
100,3,166,820,7,4
100,4,227,1323,7,5
100,5,534,2502,7,6
100,6,833,4226,7,7
100,7,1392,6649,7,8
100,8,1903,9383,7,9
100,9,2466,11195,7,10
100,10,2202,11201,7,11
100,11,1895,9590,7,12
100,12,1582,6832,7,13
100,13,875,4533,7,14
100,14,494,2788,7,15
100,15,377,1727,7,16
100,16,251,1001,7,17
100,17,119,590,7,18
100,18,64,356,7,19
