time,total_count,total_count_I,total_count_R1,num_I,num_R1,log_genes_mean,log_gene_copies1,log_gene_copies2,log_gene_copies3,log_gene_copies4,log_gene_copies5,log_gene_copies6,log_gene_copies7,log_gene_copies8,log_gene_copies9,log_gene_copies10,log_mean_copiesten,log_mean_copiesthree,time.y,S,E,I,R1,beta_t,R0,time_diff,Rt,seed,new_time,week
78,45704438807.117455,23360369766.602566,22344069040.514866,561,2329,8.545461259388418,7.244589189079113,7.595413234823772,9.078049965585448,8.371787077638286,8.570261048867055,8.891794289601973,7.226954677571347,9.42854803443707,9.074199692333849,8.325366590684816,8.624921724059693,8.306507009828715,77.99372294355936,88458,306,561,2329,0.12857142857142856,0.8999999999999999,0.0062770564406378,0.796797,87,1,0
79,25876110635.76838,12006994146.537706,13869116489.230656,568,2285,7.976586010732255,8.450920419619603,7.029392527730255,7.486794926430427,7.83238487147643,8.235018460865243,8.983633999090383,8.891200986672748,7.410986092767606,8.360383174346078,7.842993515054351,8.232179282376169,7.836375835728224,78.99855625038624,88388,287,568,2285,0.12857142857142856,0.8999999999999999,0.00144374961375604,0.796122,87,2,0
80,38711780255.39092,21402578662.12762,17309201593.263287,549,2262,8.379409790026166,8.351646172861418,8.057292400778106,9.085041405658057,10.106046399495758,7.717228798133874,9.412916815631904,9.932346429235121,8.871806345876529,7.881385379130435,8.120597718368598,9.092945703191553,8.595154505425892,79.99632419501127,88325,273,549,2262,0.13249344604252208,0.9274541222976548,0.0036758049887311,0.819758149616451,87,3,0
81,92674228682.48018,66210261009.877975,26463967672.60213,528,2229,9.252356263126671,9.084110777344389,9.370647218890323,9.716908313092388,9.643625299253532,8.442693174266442,9.440328079265383,9.485931729517183,8.89991363462714,8.659497102698282,9.462952381413976,9.295982476712243,9.424071521143938,80.9998225848261,88261,280,528,2229,0.13653510301062108,0.9557457210743476,1.7741517389424644e-4,0.8441624081389175,87,4,0
82,26060440776.51194,12486339063.056042,13574101713.455896,525,2200,7.983684322410738,8.020696862513374,8.380670932415535,7.816754442557836,7.640856618930614,7.816878679941607,8.04287050181278,7.324087464835664,7.5424395257264045,7.804035249510995,7.990373422523498,7.87731977002234,8.100370756204615,81.99758694353208,88188,278,525,2200,0.14070004902837266,0.9849003431986086,0.00241305646791545,0.8692828919105239,87,5,0
83,46196897705.89145,19506198958.43668,26690698747.454784,525,2155,8.556178483556366,8.87257299275233,8.582789489912852,8.058351967358215,8.761451904072155,8.950489564751974,8.042424569555086,8.796564514369754,8.784178674668182,9.415160802053574,8.19332158694592,8.730192870117527,8.558505807241598,82.99873678340043,88125,266,525,2155,0.14499204497649593,1.0149443148354715,0.00126321659956829,0.8950590923671056,87,6,0
84,46512272050.62252,32033139033.78363,14479133016.838911,506,2116,8.562982029787417,8.3120486686571,9.604076409756964,8.454823233944973,8.051249385572788,8.399010533538396,8.221602262987332,8.3250265858042,8.926385846142225,9.231970845882824,8.642987635973759,8.739360553598162,8.970195438874219,83.99939716839656,88067,265,506,2116,0.14941496645979788,1.045904765218585,6.028316034445425e-4,0.9217035743488782,87,7,0
85,41208507039.47958,26207574841.124153,15000932198.355436,504,2069,8.441910553528277,8.187328913925219,6.903378869153873,7.3203354434171635,8.868943836314278,8.650565175018578,7.875526484467772,7.9628935790437225,8.054819139428517,8.578668307846923,7.9783553723634535,8.18340079204027,7.617669498207103,84.99597679153587,88005,260,504,2069,0.1539728073067837,1.077809651147486,0.00402320846413317,0.9491946254760564,87,8,1
86,36396261532.53124,16294923706.877897,20101337825.65336,492,2036,8.31773190116433,7.537916046067765,8.494595190262649,9.459008705935084,8.730823357870932,8.056930064439603,8.533863437034897,7.87824075701254,8.839174739130717,7.582233791931802,8.72769999296326,8.55048995754913,8.78412935718893,85.99901286421289,87923,273,492,2036,0.15866968317602106,1.1106877822321477,9.871357871134023e-4,0.9774607827534014,87,9,1
87,47053467512.79524,29801175732.872128,17252291779.923088,487,1987,8.574550398727563,7.709381513017434,8.084922365328904,8.358387163848601,9.405016960748132,10.612170458377758,8.252477402191635,8.58118512833833,7.571323402460678,8.232174020737062,9.711049688860728,9.147227603165213,8.085398499613198,86.99825466469788,87846,283,487,1987,0.16350983527251506,1.1445688469076054,0.00174533530211817,1.006339267266574,87,10,1
88,86241154265.64754,19552832521.924736,66688321743.7228,492,1943,9.180413328359453,9.68564345095102,8.111312270556787,9.050085884874196,9.699394865905067,9.186391839451131,9.063543245473994,7.6669043656664755,9.874370059359947,9.004148786643258,10.081422037590892,9.360794832437573,9.139067525281193,87.99731690008603,87783,266,492,1943,0.16849763417744945,1.1794834392421465,0.0026830999139662,1.036129022036656,87,11,1
89,53332557999.15804,24938364413.5387,28394193585.619354,504,1880,8.699812825890671,8.026369058722338,9.016506577989992,8.372477400058147,8.740477993071517,9.512087580493594,8.717704606015204,8.794508335881984,9.338386875837909,8.289899502656288,7.374331173748196,8.780327006965479,8.55800863125248,88.99983519567103,87721,254,504,1880,0.173637583794753,1.215463086563271,1.6480432897481023e-4,1.066969961277836,87,12,1
90,53048559924.52549,33478753559.074417,19569806365.451035,492,1858,8.694473556011669,7.906569508180665,9.657032151439441,8.759740436582778,8.349680631864846,10.584528369077937,9.748713361462892,8.764869080129502,9.085097849030479,8.710222353316173,10.598655803125698,9.595412798737497,9.016708782855686,89.99997614459801,87636,277,492,1858,0.1789343254180534,1.252540277926374,2.3855401991568215e-5,1.0987408571997943,87,13,1
91,36304373330.09504,28177730679.82704,8126642650.267975,504,1830,8.31520404837348,8.55494256752932,8.449806226812555,8.017024379523587,9.39199417498977,8.269593292766773,8.378474947176104,7.472524038501472,8.471502116421025,7.699785687037306,7.772489522835326,8.395349934000981,8.366266651857181,90.99863362779242,87560,273,504,1830,0.1843926419216929,1.2907484934518505,0.00136637220758473,1.1311603497214635,87,14,1
92,24714778763.208927,11356719420.251701,13358059342.957226,488,1812,7.930667232146309,8.269529734149696,9.033912749096256,8.030761595119476,7.781812009429071,8.57703086561351,7.797403423356857,7.7069711741303895,7.320076285401381,8.01371082652945,8.958594413110157,8.294790511138805,8.540896015151455,91.99961672412452,87483,283,488,1812,0.1900174620795882,1.3301222345571175,3.8327587549247255e-4,1.164655028578212,87,15,2
93,73493818486.39093,32687341234.746696,40806477251.64429,499,1773,9.020467137402438,9.400573229237152,9.006021152978784,6.724898657249927,8.709813218610513,8.864910966858767,9.343373687982101,8.560594904593994,9.67047773582659,9.2309236007418,8.877118339240466,9.036976411311901,8.857478184121627,92.99293469991753,87388,298,499,1773,0.19581386501583592,1.3706970551108515,0.00706530008247341,1.1991269047226265,87,16,2
94,39856290458.289665,21677986219.485435,18178304238.804203,501,1742,8.408546083132617,8.87928543043184,8.214318094370713,8.98319801525431,9.099847725759401,6.004823574759827,8.722460555950933,8.360418567648063,10.23008722698276,8.731134733194498,8.276808681641889,8.942010535797474,8.745294423406214,93.99612539121468,87300,313,501,1742,0.2017870847910817,1.412509593537572,0.00387460878532408,1.2343638836006134,87,17,2
95,35993405747.508415,19361271921.00225,16632133826.50614,505,1727,8.306601584943852,7.021447583657222,7.962589604163688,10.671053797043465,9.028931521617668,8.436424678414209,8.696517217416199,7.8297927406597045,8.150104065077521,8.536968940952834,8.023802394305617,8.989045446581166,9.661038696092058,94.9992830019053,87211,320,505,1727,0.2079425151287945,1.4555976059015616,7.169980947026033e-4,1.2707367099520632,87,18,2
96,34001286141.730743,21963908650.072395,12037377491.658356,508,1713,8.249664188545086,5.267111681945508,7.92867136252449,8.639193930002302,7.646575639291836,8.511828187359631,8.678823851968323,11.446986523204538,8.173635924405877,8.082018200241805,9.004166135019375,9.473472760780897,7.963038535512024,95.99806038031062,87121,336,508,1713,0.21428571428571427,1.5,0.00193961968938083,1.308165,87,19,2
97,42168430906.95047,24021341756.641823,18147089150.308693,519,1703,8.464937695261145,8.788531843926645,8.291583463210513,9.106511935938112,8.774623218028523,8.522122394742096,8.274447678791907,8.390669689815487,7.786638356411916,7.959195381744111,8.078831484992765,8.473843396073883,8.782759646066351,96.99637735280768,87013,356,519,1703,0.22082241007087017,1.5457568704960911,0.00362264719231575,1.3466788431448995,87,20,2
98,41515248764.4295,20234932364.8169,21280316399.612648,561,1689,8.449326636800215,8.60152706782642,8.194071373271973,8.648213604123493,8.627453016541173,7.377966804908961,7.575994850143123,9.763858162069782,8.774162691034634,7.9767802813255795,8.509904064262013,8.62386011028921,8.501019366098099,97.9892053595351,86905,361,561,1689,0.22755850501770175,1.5929095351239124,0.0107946404648942,1.38603837379737,87,21,2
99,64097104553.11283,50642548888.3289,13454555664.783985,574,1645,8.883665029074535,9.264718381862242,9.426569900272705,9.275119992546198,8.858982631808413,9.406173150640065,8.665084385442398,7.730579232521713,9.428603521227917,8.210256404248566,7.747403230331249,8.979032807625906,9.324916734383676,98.99992000139336,86801,375,574,1645,0.23450008171395448,1.6415005719976814,7.999860665108827e-5,1.426546072094585,87,22,3
100,45390544887.39941,31327306436.554413,14063238450.844923,594,1620,8.538569657912007,9.14590950721286,8.349753611881821,8.539513580490087,7.603157919666758,8.367687016607121,8.108813927369528,8.067594830659994,6.4807351669667455,8.343871551901195,8.738518731345115,8.357884988874147,8.738628869224117,99.99988941734182,86684,397,594,1620,0.24165340829415993,1.6915738580591195,1.1058265818064684e-4,1.4683030245338962,87,23,3
101,140253619999.7866,109190520523.50633,31063099476.2804,621,1608,9.666718192066288,9.53048649942796,8.6865665201507,9.436311818109797,9.19631888692818,9.174345130996787,9.538344199523259,9.45876973625149,10.318369617527921,10.40111595869003,10.29066699611045,9.747285877336532,9.282087234958814,100.99823448238176,86544,424,621,1608,0.2490249440996631,1.7431746086976418,0.00176551761825294,1.5110534778034637,87,24,3
102,98052782140.94586,82538473377.34245,15514308763.603403,640,1597,9.30877176390264,9.821221847678185,8.297846829187879,9.393932675834797,10.857582924919093,8.536722645962078,9.30738035815729,10.344647775212932,8.712827257303154,8.170841079971668,9.171787990751243,9.634455955196701,9.348681606592487,101.99897113517264,86422,440,640,1597,0.25662134551130616,1.796349418579143,0.00102886482736153,1.554632640815134,87,25,3
103,65503247698.79147,45483622113.73537,20019625585.0561,645,1598,8.905365561546066,8.191459598475607,9.93126363897546,10.03472062517649,9.502706722961323,9.457308579313775,8.203449608036063,8.904690386451684,8.281127778206152,9.470532798631893,9.951827002626025,9.410061690962142,9.65882168329514,102.99797236426534,86258,502,645,1598,0.26444947196003515,1.8511463037202465,0.00202763573466313,1.5997976586011111,87,26,3
104,101396313825.959,90485619194.75668,10910694631.202343,689,1602,9.342302574641522,7.815936443612504,9.981109170289631,9.920128939693019,10.31096995163028,8.917905763014671,11.884065129637545,8.835366776796889,10.089203287740057,9.154357782100922,10.158176073307809,10.28570002264859,9.603051014644366,103.99751696186014,86080,536,689,1602,0.27251639212085843,1.907614744846009,0.00248303813985728,1.6454703266092705,87,27,3
105,137767920328.93057,104377455453.69626,33390464875.234158,696,1627,9.648836369650041,8.34723766316871,10.82038260719612,10.05333118759014,9.418438245811979,9.842233931495253,8.922780539335674,9.76960880245073,9.111194793847812,6.439903718241773,9.853582823485462,9.694681439404627,10.159185914419428,104.99922035487673,85918,572,696,1627,0.28082939029574916,1.965805732070244,7.796451232735535e-4,1.6921655741660664,87,28,3
106,57934970679.469025,29720305621.13034,28214665058.338654,736,1642,8.78258702330174,9.040105963293815,8.335661937111094,9.435545514170416,8.477310407819425,10.548088427303716,8.4840980957118,9.006536689091108,7.9231059227428355,9.260542315750872,7.549794953335452,9.171687308842863,9.033222378618436,105.99859322747368,85726,620,736,1642,0.289395972991255,2.0257718109387852,0.00140677252630894,1.7405026245223856,87,29,4
107,83930337485.2143,43182952006.80399,40747385478.41038,782,1658,9.153252976065044,10.526350967371974,10.747400108634775,9.056545517015062,8.356916821356016,8.641656772212759,9.426067097927962,9.247536931658876,10.81849111358157,8.972967171990458,8.089820740526847,9.83178318258669,10.334930116715642,106.99952155175842,85526,671,782,1658,0.2982238756967557,2.0875671298772898,4.7844824158005395e-4,1.7895877977586054,87,30,4
108,105668121930.95752,57782750629.90207,47885371301.05546,821,1690,9.383569094278009,10.025254307396525,10.038469457373893,9.285614763755715,9.316166394772125,9.561778446001394,9.041763984434054,8.124801422089329,9.66452958108211,9.157608373224095,9.633117873155065,9.502356253334215,9.839161159590699,107.99729268491528,85315,722,821,1690,0.30732106986948815,2.1512474890864173,0.0027073150847201,1.8398759275160492,87,31,4
109,145056545616.37042,99063804254.61208,45992741361.758385,896,1693,9.700389473116608,9.819032739037088,8.243103931430532,9.858741379572368,10.02562469009473,10.2798748271661,9.276891074018037,8.307893906572232,9.96675887960111,9.60365433266673,9.450439615354814,9.659041290643517,9.530160153784045,108.99898633199678,85104,756,896,1693,0.316695770132647,2.2168703909285292,0.00101366800322466,1.8913229740206745,87,32,4
110,176168819181.25696,122078388595.89584,54090430585.361084,967,1727,9.894708572139816,9.27286298803641,9.60739116497844,8.88309829740284,10.085479529348397,9.458341371557266,10.021793894264688,9.717665494704374,9.952089090277976,9.196037985674328,10.351279122699202,9.745702011409982,9.297392065747236,109.99956858704698,84878,778,967,1727,0.32635644169305994,2.2844950918514195,4.3141295302007165e-4,1.944196702969232,87,33,4
111,91607483851.9282,61936774488.41766,29670709363.510693,1029,1773,9.24077880672938,9.561031263391044,9.439233147170475,9.487241247699231,9.202279007914344,9.218741113070008,9.328842340306393,8.427096071530666,9.39688845434723,9.211958361069163,8.163681641796204,9.223970994431319,9.497094802557418,110.99494354930448,84608,856,1029,1773,0.33631180798513616,2.3541826558959533,0.00505645069551974,1.998183154671367,87,34,4
112,154454172163.52203,41224091220.43185,113230080943.09013,1104,1828,9.76316326898288,9.996097706042876,9.037897703307536,9.193036010020665,9.661393466138604,8.92686728873372,8.941408982812408,10.473694379527256,10.136651980702894,9.689776539810248,9.928340417040525,9.73114277049203,9.50264150775435,111.99999519213054,84258,975,1104,1828,0.3465708585479909,2.425996009835937,4.807869459000358e-6,2.0525867040019894,87,35,4
113,94365851942.38394,56133863088.453094,38231988853.93078,1194,1890,9.270445106756455,9.321501045612411,8.74004029654956,9.380448070989859,8.8878293433805,8.944468922366092,8.738618712769993,5.284892214055234,12.08282914329084,9.963581511272547,9.546686456796163,10.176069103021455,9.185986789621845,112.9982219367898,83916,1044,1194,1890,0.3571428571428571,2.5,0.00177806321019602,2.10645,87,36,5
114,112738073268.49356,58501999030.08159,54236074238.41189,1268,1963,9.448333029410282,10.523990871283983,10.467315239822883,9.409764966652022,8.510334861366593,8.865936465558054,9.171671548575851,10.10137320145679,7.660192967159852,8.627725405085235,8.58904026076052,9.572761545409243,10.24650980476913,113.99854899623152,83547,1153,1268,1963,0.3571428571428571,2.5,0.00145100376848006,2.0979,87,37,5
115,176315010344.40173,110446404859.0021,65868605485.399734,1384,2025,9.89553806364712,9.94647480234256,10.18268645901387,9.442275131063107,10.393402364128645,9.411943657538023,8.63351150686798,9.983888577048544,9.995658532345002,10.285858918912119,10.248530930921586,9.95980094355665,9.902324742748851,114.99792177738924,83149,1255,1384,2025,0.3571428571428571,2.5,0.00207822261074852,2.088675,87,38,5
116,103753542576.83545,68035441680.37063,35718100896.46481,1513,2114,9.365284140793175,10.30668545046701,10.410583487635982,11.853557764705219,9.711233780381173,9.855743935987926,9.563691139447755,10.2392932855145,8.96066412946649,9.28201549321681,9.391358682463533,10.348276092976292,11.125913665507587,115.99941756017483,82674,1387,1513,2114,0.3571428571428571,2.5,5.824398251519369e-4,2.078725,87,39,5
117,189548856197.73303,90378186039.73312,99170670157.99985,1680,2208,9.967912644586846,10.479601179215335,10.01897181259967,9.843168530755559,10.1627454892208,10.411812277750899,10.315326244905709,9.028472857066747,10.54692201056169,9.640460932949553,10.542797878830365,10.18827623056381,10.151126409172436,116.99962706584388,82198,1483,1680,2208,0.3571428571428571,2.5,3.7293415613248726e-4,2.06685,87,40,5
118,163282281551.89444,88632941735.88293,74649339816.01164,1807,2336,9.818746328598138,9.770805195069986,10.163951418913786,9.85248622479709,8.862004316209402,9.44553390766774,9.513443715516207,10.45858871540574,10.07205431730045,8.047184950506173,9.8369497600372,9.776073247953102,9.943846226466645,117.99805346443068,81708,1600,1807,2336,0.3571428571428571,2.5,0.00194653556931712,2.05495,87,41,5
119,300743364294.84894,202163768914.66962,98579595380.17944,1944,2480,10.429523127700264,10.302764185425152,11.699999516650847,9.011939870633004,10.095979247698702,10.598949040912002,9.84694241279214,10.289810428361086,10.443246625785537,10.657223519927584,10.704609218476426,10.578032244901998,10.875446261621466,118.99911163269354,81168,1728,1944,2480,0.3571428571428571,2.5,8.883673064588038e-4,2.0427,87,42,5
120,190381383979.14813,131009973838.43413,59371410140.71446,2091,2619,9.972295181304805,9.71528402637092,10.664812808412993,9.766988127618365,9.542714082218831,9.978581777928593,10.018192342771613,9.320019063245718,9.47896350857036,9.558065180323435,10.0573305675248,9.885822388471214,10.150859156847353,119.99975490141068,80589,1876,2091,2619,0.3571428571428571,2.5,2.4509858933186024e-4,2.0292,87,43,6
121,307334140484.5713,215911084593.55948,91423055891.01173,2266,2761,10.451201398136995,10.101105331697587,10.96623323430002,9.753664019123477,10.560814594788958,10.164265170951575,10.510896731867756,10.580376699879396,10.674507999403831,11.05269650977818,11.4355949905685,10.689680201079462,10.409031931308117,120.9994448087967,79971,2012,2266,2761,0.3571428571428571,2.5,5.551912033041617e-4,2.014725,87,44,6
122,581256894627.822,421206164827.9042,160050729799.91727,2455,2953,11.088458655502912,11.05475505634066,10.306858618905437,11.21656441875343,11.476507235756136,11.21104449114662,11.545448411628671,10.515675957608112,10.84279922237925,13.261806704777076,10.787577047210105,11.654851364484545,10.930323977850204,121.99838940644432,79300,2144,2455,2953,0.3571428571428571,2.5,0.00161059355568227,1.999275,87,45,6
123,370089682489.894,257974855181.02182,112114827308.87209,2638,3145,10.637011198321979,10.395993730271572,10.17751737248224,11.788401739728126,10.117348777661032,10.857315017128911,10.328552101583577,9.297879945580808,10.74161474319902,10.340121015208002,10.17863164345463,10.627319386276643,11.060101996791825,122.99981433510342,78610,2266,2638,3145,0.3571428571428571,2.5,1.8566489657700913e-4,1.9825,87,46,6
124,277177638825.13153,180666391058.7161,96511247766.41553,2816,3342,10.347924432989313,10.847037926262491,10.413485952700489,11.4454489488555,9.91626400556168,9.479526045218302,10.459592628013224,6.490472169010336,7.100661619111644,9.118984545395175,10.494179360669236,10.2870111198176,10.99183886060836,123.99949328975578,77855,2459,2816,3342,0.3571428571428571,2.5,5.067102442239957e-4,1.96525,87,47,6
125,353383829737.19574,210335521633.34207,143048308103.85272,3049,3579,10.590820639523685,10.617350060862615,10.180884541193702,10.367284931630973,10.877283741232418,11.108359527329801,9.988839969833052,10.955109821093448,10.224462376846521,10.53151771809109,10.38379449701463,10.584375486315873,10.404596861047432,124.99916042193476,76994,2639,3049,3579,0.3571428571428571,2.5,8.395780652392659e-4,1.946375,87,48,6
126,352920348741.48315,239650512855.8985,113269835885.58447,3295,3833,10.589508227459987,10.631870191887518,9.912329226584221,11.006001861155049,11.323713844015133,10.175204861728432,11.2265160221797,11.04428091913702,11.432359239726752,10.404672526834416,10.832209988700834,10.904911527680579,10.611907011205576,125.99994025593588,76130,2816,3295,3833,0.3571428571428571,2.5,5.974406411723976e-5,1.92485,87,49,6
127,358787538202.1498,210403163248.8623,148384374953.28864,3615,4061,10.605996234649819,11.291437758496325,10.596280254350605,9.963468563314631,10.835637065458906,10.896786607672864,10.778519381929828,11.258325408984113,11.15139551757798,10.975290506572952,10.48070223658393,10.888097313787913,10.760415525251803,126.99976763668674,75228,2937,3615,4061,0.3571428571428571,2.5,2.3236331325904305e-4,1.90325,87,50,7
128,505788358435.68243,304849482422.6081,200938876013.07367,3811,4346,10.949384154776006,10.701530714399581,10.495760919847118,11.348164280482399,11.48697930224489,11.128405798557344,11.130916042429824,10.73623490909861,10.57557521726428,12.049076752507814,12.011252947565264,11.314301082767958,10.917481412705783,127.99993730647168,74238,3184,3811,4346,0.3571428571428571,2.5,6.269352832077857e-5,1.8807,87,51,7
129,588249038461.2943,279689070039.3828,308559968421.9113,4067,4679,11.100416229977611,11.081384074556176,11.069603557179743,11.385828803455873,10.09147250467779,10.90717046619808,12.508444843273233,11.928589640403093,11.93286055744714,10.635729993690616,10.773306873443026,11.471654881055326,11.189987481957644,128.9999960913041,73230,3368,4067,4679,0.3571428571428571,2.5,3.908695902055115e-6,1.85595,87,52,7
130,548650984949.6175,359088853230.0967,189562131719.52176,4379,4993,11.030728347605553,11.195833918802068,12.389601527044658,11.263471522598785,11.39315489446138,11.277579728381928,11.3439979431527,11.522331969034974,10.91949521170397,10.27443056443556,10.886064565800595,11.387174870351057,11.777950182367421,129.9996470249694,72154,3564,4379,4993,0.3571428571428571,2.5,3.5297503060860436e-4,1.83075,87,53,7
131,470580448551.68164,275097659996.56445,195482788555.11737,4663,5362,10.877232766587593,10.33973182485766,11.236089604147546,10.930989155124765,9.063738839496727,11.3320094088473,10.510378844586473,10.132232471035602,10.521766762223244,10.500427707475902,11.672233084530117,10.834222308352645,10.900664657379592,130.9994368433669,70966,3812,4663,5362,0.3571428571428571,2.5,5.631566330919213e-4,1.80385,87,54,7
132,535195835927.6522,328306703156.488,206889132771.16452,4930,5773,11.005898565325925,10.708939851826,10.400278757214844,10.916753846647918,10.733685431080122,12.077529304384713,11.291542908826377,11.008459168357918,11.28366733485344,11.413393159281913,10.512706801816702,11.158828972257028,10.697344150400427,131.999910505556,69788,4031,4930,5773,0.3571428571428571,2.5,8.94944440119616e-5,1.77415,87,55,7
133,572328903761.7787,340269248386.96747,232059655374.81003,5254,6188,11.072979669649808,11.308559921332177,11.085782448070507,11.452627490619347,11.150544713267243,11.605125373034095,11.523587231419267,11.011390511080469,12.24226573243467,10.676338455338584,11.890020370800533,11.490974316714032,11.293532595164738,132.99985458757288,68539,4229,5254,6188,0.3571428571428571,2.5,1.454124271162982e-4,1.7447,87,56,7
134,600250768576.8563,369722703890.85364,230528064685.99896,5602,6593,11.12061335247487,10.954657361267278,11.384023006125455,11.763332577785974,12.068198322308422,11.104659859535394,10.343724657651965,11.254288885201616,11.511619290200532,10.810504702326226,10.765954655156579,11.313696587571826,11.420739694062089,133.9992928236174,67164,4477,5602,6593,0.3571428571428571,2.5,7.071763826047572e-4,1.713475,87,57,8
135,600526631344.449,385813573232.2124,214713058112.23874,5895,7064,11.12107282609998,11.210419240458926,11.271230153655623,11.286258359244654,11.277852135404526,10.722902855904762,10.85405106715913,11.308619729831005,10.67354124145304,10.900280959170145,11.143796397463747,11.091889941669882,11.256503192594723,134.99996346434017,65804,4708,5895,7064,0.3571428571428571,2.5,3.653565983086082e-5,1.6791,87,58,8
136,784258769386.3185,500479375549.973,283779393836.3456,6156,7526,11.388004865830766,9.503313596977664,11.765241788587304,12.243101580909531,11.909410239318838,14.169727193435968,8.612094811721759,11.95710956428315,11.918545495740721,11.181494185594062,11.867602653394504,12.408677174629098,11.666072746434843,135.99961709923133,64374,4974,6156,7526,0.3571428571428571,2.5,3.829007686704245e-4,1.6451,87,59,8
137,744178050472.9963,441100422882.43945,303077627590.5609,6508,8034,11.335546158300076,10.95894303214702,11.035680477563375,11.928462441414656,12.468156746034524,10.625144284350611,11.228861770577286,11.616309519244497,10.145441555225219,10.799536203175858,11.293642942814104,11.421975012523315,11.411384074710664,136.99958498949502,62993,5080,6508,8034,0.3571428571428571,2.5,4.1501050498027325e-4,1.60935,87,60,8
138,767162917229.3007,488815299765.31067,278347617463.9903,6803,8538,11.3659650241406,11.093329302907664,11.24201098178277,10.044722407289806,11.688920539676461,10.79220719346417,11.592132017149535,15.622534756039723,11.67635658366242,11.962097094690389,11.07723522532622,13.440466231583308,10.915290231140995,137.99966810062787,61515,5310,6803,8538,0.3571428571428571,2.5,3.3189937212796394e-4,1.574825,87,61,8
139,749269544207.084,434756263375.81494,314513280831.27014,7187,9056,11.342364627830783,11.146244735689438,12.613034940539787,11.705034917812405,12.006652568008912,11.651760376568587,11.58516252085361,10.996915565989307,10.808979205477543,11.819647572072931,12.169670021547846,11.786806167300455,12.005450437471428,138.9997904030947,59950,5496,7187,9056,0.3571428571428571,2.5,2.0959690530730768e-4,1.537875,87,62,8
140,883747332301.1218,577640103398.6813,306107228902.43896,7458,9588,11.507437035540047,11.441575806853928,12.377707641337311,12.468024485902019,11.042471883168234,12.09786831137756,11.778487365010687,11.363596529880555,11.402367136997274,10.715320858391117,12.341172464000328,11.8582620340236,12.19003692184234,139.99982841422596,58401,5714,7458,9588,0.3571428571428571,2.5,1.7158577404075004e-4,1.49875,87,63,8
141,1045232232240.9143,664714532617.3721,380517699623.53955,7782,10169,11.67526020846498,11.338483166506439,11.163082904677923,11.512394581244637,12.079221913652393,10.31286239250145,11.854733949425796,11.296003207274621,12.628843341580565,12.438705797849494,13.523165985584372,12.199093374791017,11.348126927107197,140.99985919616594,56869,5796,7782,10169,0.3571428571428571,2.5,1.4080383405712382e-4,1.460025,87,64,9
142,827607516497.5596,485705656374.5251,341901860123.0307,8085,10786,11.441804865059733,10.853469039889642,11.645860648322806,11.821901860824022,10.717415012665917,11.592257453182226,13.068131038328715,11.261864510098416,11.393318100921773,11.798421640457653,11.247317390086694,11.779413390099927,11.520013135574153,141.9999719450934,55351,5832,8085,10786,0.3571428571428571,2.5,2.8054906607621888e-5,1.421725,87,65,9
143,1343182966805.2288,809425689777.506,533757277027.72577,8372,11340,11.926063261573074,11.981838412701727,12.068744632211578,12.249329970026295,12.22873857117165,12.015389174160573,11.823537525618708,12.922156558880369,11.549788753774772,11.701269872403707,10.76705943894156,12.061328108975811,12.106259214771951,142.9997384141931,53757,5960,8372,11340,0.3571428571428571,2.5,2.6158580689639166e-4,1.383775,87,66,9
144,992915231084.8744,516935159050.5419,475980072034.33075,8678,11983,11.623911130867171,11.130146908262063,11.573873487246898,10.933849338032191,13.090056908046353,11.560207548071483,11.649349667569126,11.843675758618758,12.133362168206437,11.487886808401134,11.106319994799394,11.865959048485061,11.2494907886423,143.99973764351856,52194,5974,8678,11983,0.3571428571428571,2.5,2.6235648144279367e-4,1.343925,87,67,9
145,1177912688302.0266,664136623788.9207,513776064513.0994,8847,12581,11.794765079821914,12.908889708083905,11.897093109683425,10.933156761576171,11.782548256970344,11.017007025064142,11.53181187548742,10.348354419054198,11.997735292877449,12.575390235533678,13.207515996057975,12.169339524068649,12.217224666397948,144.9998157065579,50643,6041,8847,12581,0.3571428571428571,2.5,1.8429344208925613e-4,1.30485,87,68,9
146,1142739108899.2974,680839012309.206,461900096590.0955,9178,13127,11.76444922350624,11.674770379684396,9.884485327741125,11.983473982856195,11.473224722039753,12.152192769522316,11.652815093964024,10.617078634633037,10.876385986107227,11.84155433600572,12.252072248764046,11.643926826717816,11.50381253207318,145.9999712714474,48952,6180,9178,13127,0.3571428571428571,2.5,2.872855259283824e-5,1.266075,87,69,9
147,969198143834.7552,559316247504.5537,409881896330.2012,9403,13679,11.599734910735023,12.041513108429172,11.66627556929344,11.147192421512012,11.658484041081246,11.693829955426647,10.56347790659054,11.019308361251467,10.941946808975683,11.907901446310449,11.67452328492796,11.526139684552778,11.682936980054198,146.99988501109272,47334,6280,9403,13679,0.3571428571428571,2.5,1.149889072848964e-4,1.2238,87,70,9
148,1070006290415.6152,531594610282.94214,538411680132.67615,9571,14290,11.698685643278182,11.755724291661627,12.215881603208326,11.651743127641044,12.405612158283635,10.762576326146924,12.538500480383743,11.399437748923445,11.412135500289514,11.61620734942723,12.085206638776713,11.906585813543398,11.905742292513217,147.9998300452968,45771,6295,9571,14290,0.3571428571428571,2.5,1.69954703210351e-4,1.18335,87,71,10
149,1232160124279.142,747336163246.1566,484823961032.9966,9755,14890,11.839789943600174,11.886593117491113,11.63275018913095,11.829093188433218,11.97794250365776,12.809788724972817,11.21029915877744,11.55417468875352,10.211267708838026,11.863012811026858,11.1722955159128,11.804522939263768,11.788589035381383,148.99965173195082,44221,6250,9755,14890,0.3571428571428571,2.5,3.4826804917997833e-4,1.144275,87,72,10
150,1396161042974.2747,858423652419.3258,537737390554.9457,9923,15412,11.964747473911999,12.90919957114306,12.395859532236535,9.276794391322499,12.492726264399568,12.003940550817305,12.350067984460367,11.769743101959909,12.408464917208052,12.15534393675919,11.698977701309753,12.207054900135367,12.29606170130786,149.99993961130073,42649,6274,9923,15412,0.3571428571428571,2.5,6.0388699267832635e-5,1.105525,87,73,10
151,1074746656654.8954,565089782331.7642,509656874323.1347,9995,15980,11.70310608150605,12.072651914892301,11.400187369581591,11.310439320005168,11.28555225579225,11.772641373357551,12.042836110290525,7.80635285695195,11.52953963277947,13.122921027801414,12.346867810653912,11.95752941618264,11.655661553551658,150.99994404078035,41121,6303,9995,15980,0.3571428571428571,2.5,5.59592196509584e-5,1.066225,87,74,10
152,1193653278781.333,746410399316.9373,447242879464.3998,10038,16539,11.808039702448408,12.110828319071908,11.822129036666105,13.190087795027178,11.756008469103447,11.572383068103795,11.785059085763,11.659428953565154,10.816093724279513,12.143143676938728,11.966598954699796,12.06036659127581,12.558018956359897,151.99983938658295,39700,6231,10038,16539,0.3571428571428571,2.5,1.606134170515361e-4,1.028025,87,75,10
153,1167406502463.2695,732161285818.0803,435245216645.1937,10176,16985,11.785805739739367,11.045921230035782,11.530479750711207,11.731964497119149,12.033759635362319,11.655622782039945,10.775038155558963,11.715583544425897,12.063272156954461,12.262836536856694,13.042093990724739,11.976285794674533,11.475385083344994,152.99959983572103,38278,6108,10176,16985,0.3571428571428571,2.5,4.001642789717153e-4,0.9925,87,76,10
154,1230455286803.5693,677223817641.3496,553231469162.2194,10260,17404,11.838405368696392,9.828740622535088,12.358853786671435,11.661913780371135,11.754305766165166,11.403312387394573,12.041458761251405,11.005034708177362,11.740047234051477,11.587278293419713,11.01883591798907,11.616030850462865,11.716245833568525,153.99969002993248,36978,5917,10260,17404,0.3571428571428571,2.5,3.099700675193162e-4,0.95695,87,77,10
155,1182061751585.164,778571360512.6599,403490391072.495,10276,17912,11.798281276851682,11.189898947481256,11.327353312150267,11.947882788530283,11.204522954987706,12.565696712137589,11.599220926159484,11.994205105337883,11.785085539407406,11.273426884481754,11.636469003066487,11.747149202766957,11.545547752692237,154.99972570709102,35690,5711,10276,17912,0.3571428571428571,2.5,2.7429290898339787e-4,0.92445,87,78,11
156,1218285739820.781,696698100258.0612,521587639562.7174,10231,18326,11.828465855256557,11.851560698830742,12.363740233860709,11.269202051954974,11.714008169156736,9.588463600416565,11.747607723651868,12.325640932787966,11.181912628561488,11.042304393769813,11.953020946414131,11.720846774174433,11.924657503759168,155.99972456067903,34367,5629,10231,18326,0.3571428571428571,2.5,2.754393209727368e-4,0.89225,87,79,11
157,1139108194468.0493,699141776521.1144,439966417946.93445,10103,18797,11.761266786635591,11.100610405244785,14.882682963877693,11.922021157519366,11.833727881767526,10.947655485045647,11.851103699961664,11.99367528175479,11.154941165655172,11.856055689134333,11.317114654926565,12.877377225413307,13.855982019050517,156.99997547345396,33131,5535,10103,18797,0.3571428571428571,2.5,2.452654604212512e-5,0.859175,87,80,11
158,971263723919.4116,600138385827.6552,371125338091.7569,10027,19212,11.601863868689996,11.087802843148062,12.586674308151434,10.135985459184369,12.784611284644491,11.634728758393212,11.830938853269437,11.454221976967194,11.685120578492864,11.64734877112627,10.701968149041493,11.822052997084516,11.75779619485992,157.9997801402658,31906,5371,10027,19212,0.3571428571428571,2.5,2.1985973418736648e-4,0.828275,87,81,11
159,1020213915918.8923,581737727838.469,438476188080.4264,9874,19567,11.65103344272536,11.577357608888894,11.502855514823738,11.714838662900078,11.166473874331576,11.824938383378077,10.603909051407992,12.18174436594409,12.036397640173007,11.876866575205002,11.651953227812706,11.6939558052582,11.602240609159974,158.99984850606873,30750,5236,9874,19567,0.3571428571428571,2.5,1.5149393126989708e-4,0.79765,87,82,11
160,954160241171.9617,557436557853.0427,396723683318.9184,9758,19874,11.584097461975201,11.711380181481745,11.17216933247345,11.54109462242222,10.663772341235433,12.272301539812917,10.58223212862411,11.042285493657868,11.643871030066515,11.286541051155234,13.907048507103184,12.17761256648506,11.499272281541305,159.99909792023126,29685,5013,9758,19874,0.3571428571428571,2.5,9.020797687355752e-4,0.76875,87,83,11
161,1150922666256.668,667738967533.5568,483183698723.1061,9590,20172,11.771585055102342,11.962212078768452,9.629493348258165,11.399689609241817,11.434681483610795,11.52259196569079,10.648839488299394,11.585613358926507,11.963746180797456,11.17640910611191,12.167015002230011,11.537689223708153,11.3745063751205,160.99991948117076,28658,4795,9590,20172,0.3571428571428571,2.5,8.05188292360981e-5,0.742125,87,84,11
162,837375463458.0638,464633437717.25037,372742025740.81177,9354,20415,11.453538389240059,12.964974104313633,11.108796968559195,11.625506442883896,11.849184664009673,11.460701190346482,10.559177617043044,11.568890052106445,11.576980647666568,11.620148913053015,11.43412812851418,11.77173047651086,12.215788339784057,161.99992050289197,27718,4612,9354,20415,0.3571428571428571,2.5,7.94971080324558e-5,0.71645,87,85,12
163,1014692843171.0616,515760844107.6365,498931999063.4223,9135,20664,11.645607065058908,11.720106628264938,11.658950226282473,11.537393059882014,11.81456101351852,12.899461893738442,11.893518059745096,6.184863211380208,10.549468997617462,11.68464859292827,11.898450645540416,11.796038240688898,11.641670316702118,162.99949364817596,26809,4368,9135,20664,0.3571428571428571,2.5,5.063518240433496e-4,0.69295,87,86,12
164,950643735719.9294,522836608612.1931,427807127107.73596,8938,20795,11.580405208609857,10.44055410838102,11.189977957396861,10.829426629859022,11.722500897488793,7.7413111986231105,12.464268867309677,11.149886186533207,11.497315402839398,10.998777277087617,11.423482968595424,11.363140554027463,10.866060840158834,163.99946852945808,25981,4112,8938,20795,0.3571428571428571,2.5,5.314705419152688e-4,0.670225,87,87,12
165,792289219404.4537,480389099069.40875,311900120335.0468,8704,20894,11.39819233811603,11.453557265115544,11.383351109089373,11.852518273313152,11.581974887034665,11.294508458451837,11.912273468315703,11.135684935362253,10.656037667963432,11.636084830995996,11.442630641347,11.489119555290664,11.585309572373205,164.99989016886542,25185,3877,8704,20894,0.3571428571428571,2.5,1.0983113457996296e-4,0.649525,87,88,12
166,1030565886050.3472,605515584289.2653,425050301761.0807,8389,20937,11.661129171235384,11.499484465572413,10.491484960351585,12.060328965557185,12.265413677011676,11.924016222391828,11.930379210967041,11.670390961617644,12.612425295901074,10.9793420378191,11.733999358564947,11.865793280093525,11.537775225513307,165.99985380765048,24432,3710,8389,20937,0.3571428571428571,2.5,1.4619234951851467e-4,0.629625,87,89,12
167,824618380256.6926,520051566563.2249,304566813693.4669,8164,20874,11.438186546877041,12.024959130593432,11.244959693240604,12.156376787763586,12.400858978926356,11.690468194773613,11.361872458776201,11.608979395514933,11.664621896885512,10.507610704408725,10.926616267248956,11.695894181735275,11.881415983649594,166.9994411229276,23731,3512,8164,20874,0.3571428571428571,2.5,5.588770723932157e-4,0.6108,87,90,12
168,796798473863.4012,441697725475.0714,355100748388.325,7846,20953,11.403867627882889,11.600998422036241,11.298115393111715,12.88012496919684,11.066187636911243,11.160871922937385,10.925243681151526,11.393818460637805,10.820910698134659,15.03156855847944,11.62770482033826,12.993852458514109,12.176147249657719,167.9998924090797,23052,3319,7846,20953,0.3571428571428571,2.5,1.0759092026546568e-4,0.593275,87,91,12
169,707211809702.2612,412073832608.3369,295137977093.9195,7626,20789,11.284596047370037,11.917196240270485,10.986779350491712,10.975188085488002,10.801017456279428,11.975237569329922,10.923521848514003,10.507415288284685,10.973280393749597,11.70160871156534,10.711200968846228,11.278630918539351,11.397572829531267,168.99987166115176,22417,3109,7626,20789,0.3571428571428571,2.5,1.2833884824203778e-4,0.5763,87,92,13
170,590943927383.7871,381993472739.2475,208950454644.54016,7299,20709,11.104986972328149,11.304957034151512,11.386276751787902,10.900264010507469,10.269505635229624,8.764593694424109,11.882884967453803,11.614858304420132,12.080631067625836,11.52762439825489,10.408494894149495,11.320919572840335,11.218636048929628,169.9993809712893,21841,2918,7299,20709,0.3571428571428571,2.5,6.190287107017411e-4,0.560425,87,93,13
171,751018272917.4861,375540829574.25146,375477443343.2327,7034,20541,11.34469581986259,11.551575203613769,12.836314825025271,11.923363284799255,11.409336840056483,11.55497772148141,11.783586635070987,12.069400755678497,13.015400704747185,11.204010009959747,11.42911620758359,12.069654172418062,12.25534122008218,170.99991720946647,21262,2786,7034,20541,0.3571428571428571,2.5,8.279053352566734e-5,0.546025,87,94,13
172,628915977577.9836,373885400448.3632,255030577129.61768,6748,20359,11.167263503767021,11.147475849805579,10.195858533576041,10.855982868192907,11.729926533354986,10.634399299170767,12.317214982119287,15.597729006628152,11.248209499734152,11.193599971007446,11.735539557589131,13.423160305974914,10.80651643595385,171.99962433262982,20708,2653,6748,20359,0.3571428571428571,2.5,3.7566737017868945e-4,0.53155,87,95,13
173,558533740243.1367,320791388649.06177,237742351594.07678,6468,20149,11.048580865883626,10.709650774914344,10.266674812709196,9.473345206166686,10.91760436433118,11.3519590048071,10.772620706442062,11.513727084163584,10.256154000070318,13.639963786249607,11.327299990232035,11.794423831369155,10.26989332195157,172.9997510018093,20204,2524,6468,20149,0.3571428571428571,2.5,2.489981906990124e-4,0.5177,87,96,13
174,560991072630.6267,255159908046.62875,305831164583.99603,6170,19952,11.052970829028098,10.932107877464512,11.885597227501737,11.325634805387738,10.82843034467199,12.549608458951129,10.927501698843813,11.177793360164673,10.867985077801952,11.051502955859842,11.152041639097336,11.439138719756185,11.458205697430142,173.99939430095964,19778,2346,6170,19952,0.3571428571428571,2.5,6.056990403635609e-4,0.5051,87,97,13
175,647704481553.7699,345101145805.7119,302603335748.059,5943,19640,11.196700382292711,13.902578157795881,11.649206820321773,11.094012369242792,13.555940091612044,11.85843040543216,11.587170260476157,14.875949456916558,10.08417232783931,11.273534809978303,11.150382866671428,13.190322398105167,12.956975230079037,174.99932393736086,19353,2154,5943,19640,0.3571428571428571,2.5,6.760626391439928e-4,0.49445,87,98,13
176,422411071096.3675,224010388230.92413,198400682865.4438,5640,19309,10.769244778976919,11.31919093772611,10.90170721778324,8.745208088006963,10.606599232373979,11.115809932142257,10.52863895931441,10.752061752930954,11.449754418769587,9.627446111017969,12.140109271038614,11.052392230917716,10.77154775484058,175.99998750796317,18971,2043,5640,19309,0.3571428571428571,2.5,1.2492036830735742e-5,0.483825,87,99,14
177,429724492387.96576,267396858887.06046,162327633500.9054,5396,19030,10.78641012491138,10.014459747868065,10.328194509104495,10.262392673642339,9.976304516430687,12.194507107823425,11.486820963114113,10.929968596141375,10.477801103156283,10.39073124423032,10.511176685561686,10.931001965067123,10.21054741662075,176.99944779326208,18568,1940,5396,19030,0.3571428571428571,2.5,5.522067379217788e-4,0.474275,87,100,14
178,460299830141.25244,242341740708.00162,217958089433.2516,5110,18774,10.855143918752056,11.226069506453902,10.956550060359197,11.733082627973351,10.922614922386463,11.045114150491576,10.915991560167447,12.422478882025668,11.190327431690003,11.172758857184995,11.025050088755693,11.388977582767895,11.358287417968848,177.9995676372586,18206,1816,5110,18774,0.3571428571428571,2.5,4.3236274140667774e-4,0.4642,87,101,14
179,772281945489.6664,554200874884.2489,218081070605.41647,4833,18466,11.372615534661506,11.364179663539609,11.905917706100416,11.312435060175916,10.84579540304545,10.654046561092844,10.991860699527443,10.876046127085308,11.125480166145222,11.486477516142548,11.430094097686458,11.263741103162511,11.565367489367912,178.9999016338566,17906,1674,4833,18466,0.3571428571428571,2.5,9.836614339064909e-5,0.45515,87,102,14
180,856230835233.8649,301409713865.783,554821121368.077,4534,18121,11.475805844063736,11.895094037860288,10.806870482569586,12.326854855590135,10.716394401237345,11.355934009403299,11.58270210981059,10.406360500944565,10.399816970867429,10.367838725888694,11.45136302061004,11.35174621987428,11.85315372134438,179.9999962363841,17585,1586,4534,18121,0.3571428571428571,2.5,3.763615893603855e-6,0.44765,87,103,14
181,322958396969.31494,196629587668.19003,126328809301.12477,4274,17735,10.500789349920797,9.847485064321328,10.75184337682161,10.075605909538314,16.023765093989542,10.172487327497466,8.409464874414208,11.282181196913372,9.961909882677995,11.04645625876144,9.7177330920965,13.753613141425657,10.302075381114214,180.99905919651843,17305,1496,4274,17735,0.3571428571428571,2.5,9.40803481569219e-4,0.439625,87,104,14
182,432653050559.99756,267375808954.7587,165277241605.23853,4046,17388,10.793201974846827,11.129662557320223,10.7402885690529,11.148944888492984,10.595838409831982,10.074447797631194,10.578016949640004,10.900375815437513,10.816527571080544,10.230977309203015,11.033326763101002,10.779955104365479,11.023171880578433,181.99883372313084,17047,1373,4046,17388,0.3571428571428571,2.5,0.00116627686915649,0.432625,87,105,14
183,292970962772.6389,170422884477.8888,122548078294.75009,3813,17010,10.403339337887381,10.829854952165075,10.436300529357755,9.842364639189569,9.846093691878039,10.929897356021591,9.085367979849812,13.4651518906775,10.421537059303406,10.699638501842898,10.742231170858147,11.528350368547082,10.447698574340988,182.9987035247192,16802,1276,3813,17010,0.3571428571428571,2.5,0.0012964752807818,0.426175,87,106,15
184,335650643407.5787,187551144410.61942,148099498996.96042,3606,16607,10.539336704229612,9.964994159224684,11.33455659368179,9.73973961957323,10.365601341379127,10.755973525900814,11.265056211187467,10.508060406951875,10.833293497636028,10.128994550116156,10.51306339904019,10.663726155145786,10.612436277344367,183.99999436932933,16552,1243,3606,16607,0.3571428571428571,2.5,5.63067067105294e-6,0.42005,87,107,15
185,372707335378.4714,262126117232.01785,110581218146.45323,3405,16246,10.64405932496177,10.1737838745183,9.712672117097313,10.164760017326003,11.055082168045727,10.65324192931994,11.324249789854465,10.449320407760483,10.250584723129746,10.478402530298668,12.591741773329046,11.081501312848303,10.038955998711495,184.99985104908288,16317,1161,3405,16246,0.3571428571428571,2.5,1.4895091712219255e-4,0.4138,87,108,15
186,216097875503.03784,138090246340.4446,78007629162.59268,3262,15838,10.098997269328269,10.924157751846234,9.98053778759362,9.335377662357727,9.716340786697895,10.17579790663012,10.965527946194717,9.804878051381735,9.73067194651414,10.240146741019073,11.327156661249017,10.419677200251291,10.291409829624941,185.99964134070763,16124,1039,3262,15838,0.3571428571428571,2.5,3.5865929234546456e-4,0.407925,87,109,15
187,241486198215.21744,134248257857.42747,107237940357.79053,3082,15426,10.210078158158353,9.95184939464749,10.353896342013153,10.397523715731293,10.505665371075285,9.50780396104176,10.012604455113863,11.160697772781724,10.237341490069618,9.747282929076523,10.046279850747696,10.295045667454751,10.253538985611327,186.99919367448075,15940,967,3082,15426,0.3571428571428571,2.5,8.063255192496399e-4,0.4031,87,110,15
188,219696910106.91595,124001758053.25836,95695152053.6573,2872,15012,10.11551475209113,10.885058676144062,10.08346610399002,10.504514087392042,7.723304380550129,9.71821296026704,10.822147254239033,10.028981267240631,9.806429487137834,7.952057617004746,10.251364189074534,10.145570117952648,10.543555219161247,187.99968876074715,15777,905,2872,15012,0.3571428571428571,2.5,3.112392528521468e-4,0.3985,87,111,15
189,233374937353.2803,171083994542.3865,62290942810.89383,2720,14619,10.175912170370257,9.768105511424217,10.547432721692182,9.628543296119187,10.11876862860406,10.09531600429284,10.243740343668183,10.630813588525035,10.414332723844975,11.230316190179854,9.650532733193172,10.353018221929643,10.06814689136148,188.9994234451754,15620,840,2720,14619,0.3571428571428571,2.5,5.765548245904029e-4,0.394425,87,112,15
190,214961023812.64417,142148285821.69916,72812737990.94518,2578,14157,10.093722564047685,10.267719994764411,11.269849994837747,9.112757667916656,10.383917787690374,10.75330525508398,10.63326473695019,10.436529750663885,10.350518103166495,8.835642112643589,9.968681249403254,10.405684702201995,10.565141322813801,189.99971117407932,15458,790,2578,14157,0.3571428571428571,2.5,2.8882592067702717e-4,0.3905,87,113,16
191,175367896812.9264,114250334389.35355,61117562423.57254,2407,13763,9.890151871700173,8.824713280103378,9.481803121413046,8.339417752872146,9.367570803695939,9.865891086058037,10.052049726984094,11.326258179058001,10.206123438352682,9.345063530250318,9.466746662347035,9.964949831074827,8.991550356220612,190.99961100822176,15312,739,2407,13763,0.3571428571428571,2.5,3.8899177823736e-4,0.38645,87,114,16
192,219949066060.35248,86646928805.97,133302137254.38243,2244,13359,10.116661838586875,11.198512937970559,9.539192042251868,10.548698828850481,9.806225145128414,10.376861667875033,10.336172207206776,9.140604465930961,9.468939718364307,9.84719455575189,10.395072169016046,10.239982545118202,10.637802955153017,191.9997650655282,15203,668,2244,13359,0.3571428571428571,2.5,2.349344717913482e-4,0.3828,87,115,16
193,149987944480.06766,59024936162.64182,90963008317.4256,2130,12957,9.733820757679933,9.436525740326875,9.350551805161713,10.443916968990518,8.246121603382571,9.429206180279396,10.048781731700466,9.717986176736972,9.595183730261166,8.717599487084884,11.08242657303197,9.904490698755406,9.87608430567225,192.99993515462592,15090,610,2130,12957,0.3571428571428571,2.5,6.48453740552668e-5,0.380075,87,116,16
194,284051710449.07446,223528193859.39325,60523516589.68139,1975,12585,10.372422137579278,9.923086999788346,10.789926616265776,10.043329566055862,9.733291270528342,10.52966221341616,10.912222110317344,10.657356035059923,10.905912270814847,10.87000742299653,9.277281485095523,10.494929256140827,10.330139643752545,193.99913247159873,14990,564,1975,12585,0.3571428571428571,2.5,8.67528401272466e-4,0.37725,87,117,16
195,119552232882.57826,63119183474.44053,56433049408.13797,1863,12166,9.507019208071373,9.720983602120299,8.258523932991626,9.829065090996849,9.07801776092754,8.388234866706778,8.822519649997348,9.850426384651529,8.576769074639644,9.513920324797004,9.194973686957004,9.275176930778247,9.474999634736525,194.999646370721,14891,529,1863,12166,0.3571428571428571,2.5,3.5362927900450813e-4,0.37475,87,118,16
196,122860761995.30165,71647052611.03113,51213709384.270485,1716,11756,9.534317534806064,9.280103554145747,9.692725503341835,9.977369584304693,8.983500831147229,10.051815291310952,8.682425787648492,8.619901558967328,10.599159954530188,9.302810016740798,10.066534222856724,9.71519680740866,9.689788292890029,195.9997875074991,14798,497,1716,11756,0.3571428571428571,2.5,2.1249250090704663e-4,0.372275,87,119,16
197,88322600291.03996,52714466748.06906,35608133542.97078,1614,11318,9.204261860742886,9.356309429905421,9.578439762494932,7.769166422390461,9.73333810796278,9.732253754198343,10.227182037827852,8.80363807957324,8.213961610666031,10.014858968245,9.79994446009511,9.55034372849292,9.15510803602313,196.9985616901541,14721,448,1614,11318,0.3571428571428571,2.5,0.00143830984589499,0.36995,87,120,17
198,122080088205.35544,52630382656.96781,69449705548.38766,1527,10900,9.52794312700323,7.96414720502075,9.747741035390504,9.283651986004028,9.376304970070525,9.341621643815346,9.664476371550194,9.547785950631031,10.38518439678959,9.629790716718237,9.591275243419133,9.588408673068976,9.235103072582064,197.99875631154788,14633,414,1527,10900,0.3571428571428571,2.5,0.00124368845212075,0.368025,87,121,17
199,159758286081.4919,50141850385.75974,109616435695.73204,1430,10514,9.796927797913625,9.395492124337792,10.073055474339935,10.445092698887054,9.213622697174735,9.634537221105823,9.922835885487261,10.152134231285237,10.650124241812042,10.297463976289317,9.561286927470983,10.032396965191452,10.059139064505276,198.99971238532777,14545,390,1430,10514,0.3571428571428571,2.5,2.87614672259906e-4,0.365825,87,122,17
200,64481034122.75241,40277703673.62764,24203330449.124832,1332,10124,8.889636972900057,9.096077464803395,8.640428217707678,9.202676009868044,8.42107953973834,7.975384297662392,8.405999823161244,9.09386677471322,8.849233217910356,11.055272531635433,8.424800349208704,9.39373436295586,9.007801193385562,199.99989621441057,14484,348,1332,10124,0.3571428571428571,2.5,1.0378558943102688e-4,0.363625,87,123,17
201,153552920789.0059,94286487515.1877,59266433273.81798,1202,9764,9.75731110539773,10.254872760590132,9.499070236537289,9.984912889082517,9.93908474462817,10.418172110062626,9.562933138669077,10.227632092914114,8.597985497281911,9.382981023202822,10.245274437907902,9.928133394078825,9.959626014423005,200.99873612744935,14430,321,1202,9764,0.3571428571428571,2.5,0.00126387255065196,0.3621,87,124,17
202,74880448239.67119,51182298840.4449,23698149399.22635,1101,9433,9.039158655204552,8.881729968680478,9.298508955786135,7.5560944745700445,8.69783502816128,9.138831173219414,8.568259549628136,8.91959285919101,8.142824046302149,9.34803505956277,9.716996373389435,8.981987247985623,8.806539819750997,201.9987409396012,14377,302,1101,9433,0.3571428571428571,2.5,0.00125906039880874,0.36075,87,125,17
203,82147071328.81647,49635099044.21599,32511972284.600296,1020,9088,9.131777030505905,10.629329056080843,7.829967834078863,8.999879094007849,8.695715866111978,8.26238308865421,9.399627948486287,9.569358533293324,8.941931541474009,10.096640351431462,8.93186542604101,9.454687182220747,9.759354232811246,202.99680660327428,14322,288,1020,9088,0.3571428571428571,2.5,0.00319339672572027,0.359425,87,126,17
204,45635457962.30685,29893707404.95278,15741750557.354094,962,8719,8.543950838195386,8.98882754926748,8.576190617294381,7.7849720643782305,8.84917326911045,8.695778343513116,8.294395661077312,7.9851415716842995,7.510426009236722,8.487163806536998,9.02287607450539,8.528635639476732,8.56414789481617,203.99912619298772,14280,260,962,8719,0.3571428571428571,2.5,8.738070122831232e-4,0.35805,87,127,18
205,78905607016.29373,27978994215.507366,50926612800.786316,897,8388,9.091518127118547,8.330230597536959,9.13580792773397,9.12809850234778,9.384245479561692,9.779468189695999,9.42794329561153,8.999978916746414,9.590472727562943,9.68403266432261,9.843442342067409,9.411307964944386,8.928845297900855,204.99657333690612,14225,246,897,8388,0.3571428571428571,2.5,0.00342666309387595,0.357,87,128,18
206,41277182944.716644,18157336463.00335,23119846481.71331,837,8035,8.443575713172788,7.700900711462381,9.710852120615339,8.809580352825488,8.062022212184523,8.451824679312558,9.01202178704375,8.833835377104798,8.018385947457828,8.026345917785125,8.196565898357802,8.666446083631683,9.044053489212935,205.99897161143923,14173,232,837,8035,0.3571428571428571,2.5,0.00102838856076914,0.355625,87,129,18
207,44136445725.39245,28512612301.89931,15623833423.493145,794,7713,8.510551711773296,9.239280975633877,9.004563308719254,9.482707088933918,8.502621401571204,8.38183038305417,8.043855579054432,8.80351440952944,8.573990034186325,9.609977567700627,8.177929375194323,8.91459708747721,9.261174927344305,206.99898957372113,14148,192,794,7713,0.3571428571428571,2.5,0.00101042627886727,0.354325,87,130,18
208,82343137456.74292,59622097883.369835,22721039573.37313,719,7416,9.134160956238986,8.357419129529799,10.37830481381705,8.313944245836925,8.889465180868916,9.668113383530347,12.77275732630989,9.2344868484391,9.687595589671982,12.654539425767517,8.638006639905834,11.240098897132205,9.510357665782518,207.99946323695707,14108,181,719,7416,0.3571428571428571,2.5,5.367630429304882e-4,0.3537,87,131,18
209,42468018183.82189,19363916608.428574,23104101575.393303,648,7097,8.472017116274671,9.163893589768625,8.41327840402017,12.171579455412234,8.150589918362968,8.285946764018213,7.490621544002816,9.384963568336275,8.50778720014939,8.29894230212382,9.296255346467342,10.119702658695836,11.143173231617451,208.99466387088103,14079,164,648,7097,0.3571428571428571,2.5,0.00533612911897307,0.3527,87,132,18
210,75033006980.05383,26933366584.648712,48099640395.405136,598,6773,9.041193946737554,9.404911918252965,8.484105530194515,9.212855303467077,7.609741322158337,8.757310941996053,9.466788846318618,9.536392634418366,9.362571527393527,9.199438235393268,8.319066416712419,9.080237349846271,9.105363250937936,209.99947430709489,14044,158,598,6773,0.3571428571428571,2.5,5.256929051142833e-4,0.351975,87,133,18
